run,name, generation, min, mean, max, time ,
1,a10,1,353,384.56,404,0
1,a10,101,353,386.06,404,0
1,a10,201,353,384.46,404,0
1,a10,301,353,389.26,404,0
1,a10,401,353,385.98,404,0
1,a10,501,353,380.76,404,0
1,a10,601,353,389.1,404,0
1,a10,701,353,384.04,404,0
1,a10,801,353,383.3,404,0
1,a10,901,353,379.26,404,0
1,a10,1001,353,383.5,404,0
1,a10,1101,353,384.02,404,0
1,a10,1201,353,381.44,404,0
1,a10,1301,353,380,404,0
1,a10,1401,353,381.78,404,0
1,a10,1501,353,380.86,404,0
1,a10,1601,353,380.04,404,0
1,a10,1701,353,382.08,404,0
1,a10,1801,353,378.96,404,0
1,a10,1901,353,380.32,404,0
1,a10,2001,353,382.82,404,0
1,a10,2101,353,381.96,404,0
1,a10,2201,353,380.14,404,0
1,a10,2301,353,378.12,404,0
1,a10,2401,353,385.22,404,0
1,a10,2501,353,380.68,404,0
1,a10,2601,353,382.32,404,0
1,a10,2701,353,379.12,404,1
1,a10,2801,353,382.34,404,1
1,a10,2901,353,384.84,404,1
1,a10,3001,353,384.7,404,1
1,a10,3101,353,379.94,404,1
1,a10,3201,353,382.6,404,1
1,a10,3301,353,380.34,404,1
1,a10,3401,353,384.12,404,1
1,a10,3501,353,381.52,404,1
1,a10,3601,353,384.1,404,1
1,a10,3701,353,377.2,404,1
1,a10,3801,353,385.08,404,1
1,a10,3901,353,382.1,404,1
1,a10,4001,353,383.98,404,1
1,a10,4101,353,381.1,404,1
1,a10,4201,353,378.6,404,1
1,a10,4301,353,378,404,1
1,a10,4401,353,375.86,404,1
1,a10,4501,353,381.38,404,1
1,a10,4601,353,377.96,404,1
1,a10,4701,353,383.72,404,1
1,a10,4801,353,386.32,404,1
1,a10,4901,353,382.92,404,1
1,a10,5001,353,382.54,404,1
1,a10,5101,353,382.68,404,1
1,a10,5201,353,383.96,404,1
1,a10,5301,353,380.78,404,1
1,a10,5401,353,384.68,404,1
1,a10,5501,353,380.36,404,1
1,a10,5601,353,381.76,404,1
1,a10,5701,353,384.78,404,1
1,a10,5801,353,382.04,404,1
1,a10,5901,353,377.76,404,1
1,a10,6001,353,387.12,404,1
1,a10,6101,353,384.42,404,1
1,a10,6201,353,377.92,404,1
1,a10,6301,353,378.84,404,1
1,a10,6401,353,379.56,404,1
1,a10,6501,353,384.36,404,1
1,a10,6601,353,386.04,404,1
1,a10,6701,353,377.72,404,1
1,a10,6801,353,383.98,404,1
1,a10,6901,353,380.28,404,1
1,a10,7001,353,380.52,404,1
1,a10,7101,353,377.66,404,1
1,a10,7201,353,381.58,404,1
1,a10,7301,353,380.74,404,1
1,a10,7401,353,378.12,404,1
1,a10,7501,353,380.36,404,1
1,a10,7601,353,385.8,404,1
1,a10,7701,353,380.74,404,1
1,a10,7801,353,381.02,404,1
1,a10,7901,353,381.48,404,1
1,a10,8001,353,377.42,404,1
1,a10,8101,353,384.18,404,1
1,a10,8201,353,378.6,404,1
1,a10,8301,353,381.68,404,1
1,a10,8401,353,382.42,404,1
1,a10,8501,353,384.18,404,1
1,a10,8601,353,382.1,404,1
1,a10,8701,353,383.16,404,1
1,a10,8801,353,382.8,404,1
1,a10,8901,353,381.16,404,1
1,a10,9001,353,382.36,404,1
1,a10,9101,353,382.76,404,1
1,a10,9201,353,381.16,404,1
1,a10,9301,353,383.76,404,1
1,a10,9401,353,381.92,404,1
1,a10,9501,353,380.3,404,1
1,a10,9601,353,385.5,404,1
1,a10,9701,353,384.5,404,1
1,a10,9801,353,382.24,404,1
1,a10,9901,353,386,404,1
1,a10,10001,353,383.7,404,1
2,a10,1,353,383.18,404,1
2,a10,101,353,382.32,404,1
2,a10,201,353,382,404,1
2,a10,301,353,382.28,404,1
2,a10,401,353,385.6,404,1
2,a10,501,353,381.22,404,1
2,a10,601,353,385.56,404,1
2,a10,701,353,383.52,404,1
2,a10,801,353,381.92,404,1
2,a10,901,353,382.3,404,1
2,a10,1001,353,379.72,404,1
2,a10,1101,353,378.86,404,1
2,a10,1201,353,381.08,404,2
2,a10,1301,353,377.9,404,2
2,a10,1401,353,378.76,404,2
2,a10,1501,353,382.68,404,2
2,a10,1601,353,381.76,404,2
2,a10,1701,353,381.36,404,2
2,a10,1801,353,378.8,404,2
2,a10,1901,353,378.78,404,2
2,a10,2001,361,388.12,404,2
2,a10,2101,353,382.92,404,2
2,a10,2201,353,380.48,404,2
2,a10,2301,353,380.18,404,2
2,a10,2401,353,383.86,404,2
2,a10,2501,353,383.5,404,2
2,a10,2601,353,385.44,404,2
2,a10,2701,353,380.44,404,2
2,a10,2801,353,380.52,404,2
2,a10,2901,353,383.08,404,2
2,a10,3001,353,382.44,404,2
2,a10,3101,353,380.08,404,2
2,a10,3201,353,379.28,404,2
2,a10,3301,353,383.46,404,2
2,a10,3401,353,385.98,404,2
2,a10,3501,353,382.86,404,2
2,a10,3601,353,380.8,404,2
2,a10,3701,353,381.28,404,2
2,a10,3801,353,380.38,404,2
2,a10,3901,353,381.86,404,2
2,a10,4001,353,384.14,404,2
2,a10,4101,353,387.64,404,2
2,a10,4201,353,379.74,404,2
2,a10,4301,353,383.96,404,2
2,a10,4401,353,384.16,404,2
2,a10,4501,353,383.4,404,2
2,a10,4601,353,380.02,404,2
2,a10,4701,353,377.66,404,2
2,a10,4801,353,384.98,404,2
2,a10,4901,353,381.4,404,2
2,a10,5001,353,382.86,404,2
2,a10,5101,353,378.66,404,2
2,a10,5201,353,384.36,404,2
2,a10,5301,353,379.3,404,2
2,a10,5401,353,382.22,404,2
2,a10,5501,353,379.78,404,2
2,a10,5601,353,381.6,404,2
2,a10,5701,353,379.34,404,2
2,a10,5801,353,380.82,404,2
2,a10,5901,353,379.32,404,2
2,a10,6001,353,384.86,404,2
2,a10,6101,353,379.08,404,2
2,a10,6201,353,382.8,404,2
2,a10,6301,353,377.72,404,2
2,a10,6401,353,383.08,404,2
2,a10,6501,353,383.1,404,2
2,a10,6601,353,379.02,404,2
2,a10,6701,353,387.34,404,2
2,a10,6801,353,385.08,404,2
2,a10,6901,353,383.84,404,2
2,a10,7001,353,382.1,404,2
2,a10,7101,353,383.92,404,2
2,a10,7201,353,381.8,404,2
2,a10,7301,353,380.1,404,2
2,a10,7401,353,382.8,404,2
2,a10,7501,353,383.8,404,2
2,a10,7601,353,384.64,404,2
2,a10,7701,353,378.36,404,2
2,a10,7801,353,378.38,404,2
2,a10,7901,353,386.5,404,2
2,a10,8001,353,385.94,404,2
2,a10,8101,353,379.14,404,2
2,a10,8201,353,385.08,404,2
2,a10,8301,353,384.94,404,2
2,a10,8401,353,380.86,404,2
2,a10,8501,353,379.24,404,2
2,a10,8601,353,379.8,404,2
2,a10,8701,353,379.98,404,2
2,a10,8801,353,383.02,404,2
2,a10,8901,353,383.5,404,2
2,a10,9001,353,384.22,404,2
2,a10,9101,353,382.82,404,2
2,a10,9201,353,382.42,404,2
2,a10,9301,353,383.6,404,2
2,a10,9401,353,379.48,404,2
2,a10,9501,353,381.7,404,2
2,a10,9601,353,387.74,404,3
2,a10,9701,353,380.72,404,3
2,a10,9801,353,382.5,404,3
2,a10,9901,353,381.24,404,3
2,a10,10001,353,381.12,404,3
3,a10,1,353,383.46,404,3
3,a10,101,353,381.88,404,3
3,a10,201,353,384.2,404,3
3,a10,301,353,379.02,404,3
3,a10,401,353,381.7,404,3
3,a10,501,353,382.3,404,3
3,a10,601,353,377.44,404,3
3,a10,701,353,385.7,404,3
3,a10,801,353,378.78,404,3
3,a10,901,353,382.6,404,3
3,a10,1001,353,380.22,404,3
3,a10,1101,353,380.34,404,3
3,a10,1201,353,378.96,404,3
3,a10,1301,353,386.82,404,3
3,a10,1401,353,381.08,404,3
3,a10,1501,353,382.38,404,3
3,a10,1601,353,381.7,404,3
3,a10,1701,353,381.32,404,3
3,a10,1801,353,383.82,404,3
3,a10,1901,353,379.02,404,3
3,a10,2001,353,383.42,404,3
3,a10,2101,353,380.96,404,3
3,a10,2201,353,382.52,404,3
3,a10,2301,353,380.66,404,3
3,a10,2401,353,380.4,404,3
3,a10,2501,353,381.78,404,3
3,a10,2601,353,386.28,404,3
3,a10,2701,353,379.32,404,3
3,a10,2801,353,376.86,404,3
3,a10,2901,353,384.66,404,3
3,a10,3001,353,378.42,404,3
3,a10,3101,353,380.92,404,3
3,a10,3201,353,384.4,404,3
3,a10,3301,353,379.86,404,3
3,a10,3401,353,378.12,404,3
3,a10,3501,353,380.92,404,3
3,a10,3601,353,384.28,404,3
3,a10,3701,353,380.18,404,3
3,a10,3801,353,380.62,404,3
3,a10,3901,353,380.36,404,3
3,a10,4001,353,381.26,404,3
3,a10,4101,353,376.82,404,3
3,a10,4201,353,379.7,404,3
3,a10,4301,353,382.6,404,3
3,a10,4401,353,383.18,404,3
3,a10,4501,353,381.2,404,3
3,a10,4601,353,384.08,404,3
3,a10,4701,353,380.6,404,3
3,a10,4801,353,380.88,404,3
3,a10,4901,353,379.34,404,3
3,a10,5001,353,383.86,404,3
3,a10,5101,353,381.48,404,3
3,a10,5201,353,380.56,404,3
3,a10,5301,353,381.48,404,3
3,a10,5401,353,382.14,404,3
3,a10,5501,353,383.98,404,3
3,a10,5601,353,379.54,404,3
3,a10,5701,353,379.46,404,3
3,a10,5801,353,379.06,404,3
3,a10,5901,353,383.16,404,3
3,a10,6001,353,381.4,404,3
3,a10,6101,353,382.4,404,3
3,a10,6201,353,380.5,404,3
3,a10,6301,353,378.64,404,3
3,a10,6401,353,378.98,404,3
3,a10,6501,353,382.8,404,3
3,a10,6601,353,380.4,404,3
3,a10,6701,353,382.96,404,3
3,a10,6801,353,384.62,404,3
3,a10,6901,353,384.06,404,4
3,a10,7001,353,378.74,404,4
3,a10,7101,353,379.8,404,4
3,a10,7201,353,381.9,404,4
3,a10,7301,353,385.52,404,4
3,a10,7401,353,383.46,404,4
3,a10,7501,353,382,404,4
3,a10,7601,353,386.36,404,4
3,a10,7701,353,383,404,4
3,a10,7801,353,380.16,404,4
3,a10,7901,353,378.44,404,4
3,a10,8001,353,388.18,404,4
3,a10,8101,353,380.78,404,4
3,a10,8201,353,386.06,404,4
3,a10,8301,353,382.36,404,4
3,a10,8401,353,381.5,404,4
3,a10,8501,353,381.52,404,4
3,a10,8601,353,377.12,404,4
3,a10,8701,353,385.86,404,4
3,a10,8801,353,380.4,404,4
3,a10,8901,353,384.44,404,4
3,a10,9001,353,383.7,404,4
3,a10,9101,353,381.62,404,4
3,a10,9201,353,382.58,404,4
3,a10,9301,353,380.9,404,4
3,a10,9401,353,376.24,404,4
3,a10,9501,353,384.9,404,4
3,a10,9601,353,382.78,404,4
3,a10,9701,353,383.22,404,4
3,a10,9801,353,383.76,404,4
3,a10,9901,361,382.8,404,4
3,a10,10001,353,381.92,404,4
4,a10,1,353,380.74,404,4
4,a10,101,353,382.82,404,4
4,a10,201,353,385.38,404,4
4,a10,301,353,383.56,404,4
4,a10,401,353,385.58,404,4
4,a10,501,353,378.62,404,4
4,a10,601,353,381.36,404,4
4,a10,701,353,381.56,404,4
4,a10,801,353,378.96,404,4
4,a10,901,353,376.72,404,4
4,a10,1001,353,384.98,404,4
4,a10,1101,353,382.26,404,4
4,a10,1201,353,380.66,404,4
4,a10,1301,353,383.52,404,4
4,a10,1401,353,386.14,404,4
4,a10,1501,353,384.48,404,4
4,a10,1601,353,381.1,404,4
4,a10,1701,353,380.32,404,4
4,a10,1801,353,378.12,404,4
4,a10,1901,353,378.32,404,4
4,a10,2001,353,381.86,404,4
4,a10,2101,353,380.1,404,4
4,a10,2201,353,376.76,404,4
4,a10,2301,353,379.44,404,4
4,a10,2401,353,379.72,404,4
4,a10,2501,353,380.92,404,4
4,a10,2601,353,384.7,404,4
4,a10,2701,353,381,404,4
4,a10,2801,353,378.22,404,4
4,a10,2901,353,382.18,404,4
4,a10,3001,353,382.02,404,4
4,a10,3101,353,383.46,404,4
4,a10,3201,353,376.88,404,4
4,a10,3301,353,384.78,404,4
4,a10,3401,353,379.1,404,5
4,a10,3501,353,384.88,404,5
4,a10,3601,353,380.84,404,5
4,a10,3701,353,381.68,404,5
4,a10,3801,353,382.48,404,5
4,a10,3901,353,381.78,404,5
4,a10,4001,353,384.48,404,5
4,a10,4101,353,380.2,404,5
4,a10,4201,353,382.7,404,5
4,a10,4301,353,379.42,404,5
4,a10,4401,353,378.82,404,5
4,a10,4501,353,383.08,404,5
4,a10,4601,353,384.16,404,5
4,a10,4701,353,379.5,404,5
4,a10,4801,353,389.02,404,5
4,a10,4901,353,383.12,404,5
4,a10,5001,353,383.96,404,5
4,a10,5101,353,382.72,404,5
4,a10,5201,353,379.78,404,5
4,a10,5301,353,381.66,404,5
4,a10,5401,353,382.98,404,5
4,a10,5501,353,384.82,404,5
4,a10,5601,353,379.92,404,5
4,a10,5701,353,378.62,404,5
4,a10,5801,353,378.66,404,5
4,a10,5901,353,382.42,404,5
4,a10,6001,353,381.32,404,5
4,a10,6101,353,383.38,404,5
4,a10,6201,353,380.68,404,5
4,a10,6301,353,383.38,404,5
4,a10,6401,353,379.56,404,5
4,a10,6501,353,379.98,404,5
4,a10,6601,353,377.1,404,5
4,a10,6701,353,378.2,404,5
4,a10,6801,353,379.5,404,5
4,a10,6901,353,380.58,404,5
4,a10,7001,353,381.3,404,5
4,a10,7101,353,379.46,404,5
4,a10,7201,353,383.16,404,5
4,a10,7301,353,381.54,404,5
4,a10,7401,353,383.32,404,5
4,a10,7501,353,382.84,404,5
4,a10,7601,353,381.8,404,5
4,a10,7701,353,378.62,404,5
4,a10,7801,353,380.68,404,5
4,a10,7901,353,380.04,404,5
4,a10,8001,353,377.12,404,5
4,a10,8101,353,383.82,404,5
4,a10,8201,353,383.5,404,5
4,a10,8301,353,379.14,404,5
4,a10,8401,353,380.52,404,5
4,a10,8501,353,382.44,404,5
4,a10,8601,353,380.98,404,5
4,a10,8701,353,380.12,404,5
4,a10,8801,353,383,404,5
4,a10,8901,353,376.14,404,5
4,a10,9001,353,384.02,404,5
4,a10,9101,353,380.88,404,5
4,a10,9201,353,386.1,404,5
4,a10,9301,353,379.96,404,5
4,a10,9401,353,379.16,404,5
4,a10,9501,353,387.46,404,5
4,a10,9601,353,385.1,404,5
4,a10,9701,353,379.2,404,5
4,a10,9801,353,381.82,404,5
4,a10,9901,353,383.82,404,5
4,a10,10001,353,378.92,404,5
5,a10,1,353,383.88,404,5
5,a10,101,353,376.78,404,5
5,a10,201,353,380.9,404,6
5,a10,301,353,377.32,404,6
5,a10,401,353,381.86,404,6
5,a10,501,353,382.68,404,6
5,a10,601,353,382.82,404,6
5,a10,701,353,383.92,404,6
5,a10,801,353,378.64,404,6
5,a10,901,353,386.64,404,6
5,a10,1001,353,382.42,404,6
5,a10,1101,353,381.26,404,6
5,a10,1201,353,380.14,404,6
5,a10,1301,353,379.72,404,6
5,a10,1401,353,387.12,404,6
5,a10,1501,353,383.66,404,6
5,a10,1601,353,379.1,404,6
5,a10,1701,353,381.62,404,6
5,a10,1801,353,378.64,404,6
5,a10,1901,353,380.32,404,6
5,a10,2001,353,377.02,404,6
5,a10,2101,353,381.78,404,6
5,a10,2201,353,386,404,6
5,a10,2301,353,384.7,404,6
5,a10,2401,353,384.44,404,6
5,a10,2501,353,380.86,404,6
5,a10,2601,353,377.46,404,6
5,a10,2701,353,376.46,404,6
5,a10,2801,353,383.18,404,6
5,a10,2901,353,382.86,404,6
5,a10,3001,353,381.38,404,6
5,a10,3101,353,382.12,404,6
5,a10,3201,353,383.68,404,6
5,a10,3301,353,381.86,404,6
5,a10,3401,353,384.28,404,6
5,a10,3501,353,384.84,404,6
5,a10,3601,353,378.74,404,6
5,a10,3701,353,378.18,404,6
5,a10,3801,353,384.5,404,6
5,a10,3901,353,380.2,404,6
5,a10,4001,353,383.18,404,6
5,a10,4101,353,381.86,404,6
5,a10,4201,353,382.08,404,6
5,a10,4301,353,384.28,404,6
5,a10,4401,353,381.4,404,6
5,a10,4501,353,388.72,404,6
5,a10,4601,353,381.12,404,6
5,a10,4701,353,386.24,404,6
5,a10,4801,353,379.38,404,6
5,a10,4901,353,378.98,404,6
5,a10,5001,353,382.34,404,6
5,a10,5101,353,378.92,404,6
5,a10,5201,353,379,404,6
5,a10,5301,353,379.8,404,6
5,a10,5401,353,381.28,404,6
5,a10,5501,353,380.48,404,6
5,a10,5601,353,379.68,404,6
5,a10,5701,353,384.12,404,6
5,a10,5801,353,379.52,404,6
5,a10,5901,353,378.18,404,6
5,a10,6001,353,381.74,404,6
5,a10,6101,353,376.78,404,6
5,a10,6201,353,383.36,404,6
5,a10,6301,353,378.3,404,6
5,a10,6401,353,382.18,404,6
5,a10,6501,353,385.76,404,6
5,a10,6601,353,378.22,404,6
5,a10,6701,353,385.52,404,6
5,a10,6801,353,381.22,404,6
5,a10,6901,353,380.86,404,6
5,a10,7001,353,386.5,404,6
5,a10,7101,353,381.78,404,6
5,a10,7201,353,383.52,404,6
5,a10,7301,353,380.5,404,6
5,a10,7401,353,381.86,404,6
5,a10,7501,353,378.9,404,6
5,a10,7601,353,376.68,404,6
5,a10,7701,353,381.66,404,6
5,a10,7801,353,381.26,404,6
5,a10,7901,353,377.24,404,6
5,a10,8001,353,378.88,404,7
5,a10,8101,353,380.96,404,7
5,a10,8201,353,380.28,404,7
5,a10,8301,353,383.98,404,7
5,a10,8401,353,386.62,404,7
5,a10,8501,353,383.12,404,7
5,a10,8601,353,387.22,404,7
5,a10,8701,353,378.6,404,7
5,a10,8801,353,388.1,404,7
5,a10,8901,353,377.82,404,7
5,a10,9001,353,384.66,404,7
5,a10,9101,353,378.98,404,7
5,a10,9201,353,382.04,404,7
5,a10,9301,353,385.62,404,7
5,a10,9401,353,385.92,404,7
5,a10,9501,353,381.74,404,7
5,a10,9601,353,379.5,404,7
5,a10,9701,353,377.7,404,7
5,a10,9801,353,383.9,404,7
5,a10,9901,353,384.42,404,7
5,a10,10001,353,380.96,404,7
6,a10,1,353,384.04,404,7
6,a10,101,353,379.24,404,7
6,a10,201,353,382.98,404,7
6,a10,301,353,381.18,404,7
6,a10,401,353,378.9,404,7
6,a10,501,353,375.86,404,7
6,a10,601,353,389.12,404,7
6,a10,701,353,380,404,7
6,a10,801,353,380.1,404,7
6,a10,901,353,383.74,404,7
6,a10,1001,353,377.48,404,7
6,a10,1101,353,382.88,404,7
6,a10,1201,353,377.74,404,7
6,a10,1301,353,380.16,404,7
6,a10,1401,353,385,404,7
6,a10,1501,353,377.32,404,7
6,a10,1601,353,379.78,404,7
6,a10,1701,353,380.9,404,7
6,a10,1801,353,378.2,404,7
6,a10,1901,353,378.88,404,7
6,a10,2001,353,384.94,404,7
6,a10,2101,353,382.34,404,7
6,a10,2201,353,382.92,404,7
6,a10,2301,353,380.98,404,7
6,a10,2401,353,382.82,404,7
6,a10,2501,353,380.04,404,7
6,a10,2601,353,383.36,404,7
6,a10,2701,353,380.22,404,7
6,a10,2801,353,386.16,404,7
6,a10,2901,353,381.38,404,7
6,a10,3001,353,384.48,404,7
6,a10,3101,353,382.42,404,7
6,a10,3201,353,384.46,404,7
6,a10,3301,353,384.18,404,7
6,a10,3401,353,380.26,404,7
6,a10,3501,353,383.5,404,7
6,a10,3601,353,380.72,404,7
6,a10,3701,353,379.22,404,7
6,a10,3801,353,381.86,404,7
6,a10,3901,353,382.72,404,7
6,a10,4001,353,385.68,404,7
6,a10,4101,353,385.14,404,7
6,a10,4201,353,382.46,404,7
6,a10,4301,353,380.2,404,7
6,a10,4401,353,380.96,404,7
6,a10,4501,353,384.66,404,7
6,a10,4601,353,383.78,404,7
6,a10,4701,353,382.52,404,7
6,a10,4801,353,383.72,404,7
6,a10,4901,361,382.8,404,7
6,a10,5001,353,381.16,404,7
6,a10,5101,353,379.68,404,7
6,a10,5201,353,383.16,404,7
6,a10,5301,353,380.22,404,7
6,a10,5401,353,382.94,404,8
6,a10,5501,353,382.78,404,8
6,a10,5601,353,378.76,404,8
6,a10,5701,353,379.5,404,8
6,a10,5801,353,380.88,404,8
6,a10,5901,353,382.38,404,8
6,a10,6001,353,379.46,404,8
6,a10,6101,353,379.48,404,8
6,a10,6201,353,381.94,404,8
6,a10,6301,353,378.28,404,8
6,a10,6401,353,384.86,404,8
6,a10,6501,353,385.58,404,8
6,a10,6601,353,377.1,404,8
6,a10,6701,353,383,404,8
6,a10,6801,353,389.02,404,8
6,a10,6901,353,383.38,404,8
6,a10,7001,353,383.12,404,8
6,a10,7101,353,383.34,404,8
6,a10,7201,353,384.1,404,8
6,a10,7301,353,382.38,404,8
6,a10,7401,353,383.92,404,8
6,a10,7501,353,381.8,404,8
6,a10,7601,353,382.64,404,8
6,a10,7701,353,381.08,404,8
6,a10,7801,353,379.2,404,8
6,a10,7901,353,378.94,404,8
6,a10,8001,353,383.08,404,8
6,a10,8101,353,379.56,404,8
6,a10,8201,353,384.64,404,8
6,a10,8301,353,379.96,404,8
6,a10,8401,353,383.38,404,8
6,a10,8501,353,379.22,404,8
6,a10,8601,353,381.74,404,8
6,a10,8701,353,385.84,404,8
6,a10,8801,353,383.28,404,8
6,a10,8901,353,382.24,404,8
6,a10,9001,353,382.38,404,8
6,a10,9101,353,379.5,404,8
6,a10,9201,353,384.76,404,8
6,a10,9301,353,381.2,404,8
6,a10,9401,353,383.98,404,8
6,a10,9501,353,385.52,404,8
6,a10,9601,353,386.12,404,8
6,a10,9701,353,381.4,404,8
6,a10,9801,353,383.74,404,8
6,a10,9901,353,380.04,404,8
6,a10,10001,353,379.62,404,8
7,a10,1,353,380.64,404,8
7,a10,101,353,386.56,404,8
7,a10,201,353,386.76,404,8
7,a10,301,353,381.2,404,8
7,a10,401,353,385.48,404,8
7,a10,501,353,383.76,404,8
7,a10,601,353,380.48,404,8
7,a10,701,353,383.16,404,8
7,a10,801,353,386.48,404,8
7,a10,901,353,382.48,404,8
7,a10,1001,353,379.22,404,8
7,a10,1101,353,376.82,404,8
7,a10,1201,353,384.96,404,8
7,a10,1301,353,385.4,404,8
7,a10,1401,353,382.72,404,8
7,a10,1501,353,384.14,404,8
7,a10,1601,353,380.1,404,8
7,a10,1701,353,381.06,404,8
7,a10,1801,353,383.74,404,8
7,a10,1901,353,380.64,404,8
7,a10,2001,353,379.82,404,8
7,a10,2101,353,381.2,404,8
7,a10,2201,353,383.3,404,8
7,a10,2301,353,381.28,404,8
7,a10,2401,353,374.88,404,8
7,a10,2501,353,379.5,404,8
7,a10,2601,353,385.64,404,8
7,a10,2701,353,375.44,404,8
7,a10,2801,353,378.94,404,8
7,a10,2901,353,382.6,404,8
7,a10,3001,353,382.08,404,9
7,a10,3101,353,384.8,404,9
7,a10,3201,353,380.32,404,9
7,a10,3301,353,384.14,404,9
7,a10,3401,353,380.48,404,9
7,a10,3501,353,384.92,404,9
7,a10,3601,353,378.34,404,9
7,a10,3701,353,389.04,404,9
7,a10,3801,353,381.92,404,9
7,a10,3901,353,382,404,9
7,a10,4001,353,383.62,404,9
7,a10,4101,353,382.22,404,9
7,a10,4201,353,380.88,404,9
7,a10,4301,353,379.3,404,9
7,a10,4401,353,380.68,404,9
7,a10,4501,353,382.24,404,9
7,a10,4601,353,381.16,404,9
7,a10,4701,353,380.36,404,9
7,a10,4801,353,381.66,404,9
7,a10,4901,353,379.9,404,9
7,a10,5001,353,378.54,404,9
7,a10,5101,353,382.38,404,9
7,a10,5201,353,381.66,404,9
7,a10,5301,353,379.36,404,9
7,a10,5401,353,378.4,404,9
7,a10,5501,353,380.66,404,9
7,a10,5601,353,382.32,404,9
7,a10,5701,353,378.74,404,9
7,a10,5801,353,385.14,404,9
7,a10,5901,353,382.68,404,9
7,a10,6001,353,381.22,404,9
7,a10,6101,353,379.74,404,9
7,a10,6201,353,381.62,404,9
7,a10,6301,353,378.94,404,9
7,a10,6401,353,384.12,404,9
7,a10,6501,353,379.48,404,9
7,a10,6601,353,380.74,404,9
7,a10,6701,353,371.54,404,9
7,a10,6801,353,380.18,404,9
7,a10,6901,353,382.68,404,9
7,a10,7001,353,381.22,404,9
7,a10,7101,353,382.7,404,9
7,a10,7201,353,382.58,404,9
7,a10,7301,353,383.82,404,9
7,a10,7401,353,379.44,404,9
7,a10,7501,353,384.88,404,9
7,a10,7601,353,374.68,404,9
7,a10,7701,353,381.22,404,9
7,a10,7801,353,379.52,404,9
7,a10,7901,353,379.48,404,9
7,a10,8001,353,379.6,404,9
7,a10,8101,353,385.56,404,9
7,a10,8201,353,384.52,404,9
7,a10,8301,353,381.3,404,9
7,a10,8401,353,380.16,404,9
7,a10,8501,353,384.8,404,9
7,a10,8601,353,382.96,404,9
7,a10,8701,353,382.52,404,9
7,a10,8801,353,380.62,404,9
7,a10,8901,353,381.32,404,9
7,a10,9001,353,386.08,404,9
7,a10,9101,353,380.66,404,9
7,a10,9201,353,381.04,404,9
7,a10,9301,353,379.4,404,9
7,a10,9401,353,381.02,404,9
7,a10,9501,353,379.78,404,9
7,a10,9601,353,375.64,404,9
7,a10,9701,353,376.02,404,9
7,a10,9801,353,381.82,404,9
7,a10,9901,353,384.42,404,9
7,a10,10001,353,382.84,404,9
8,a10,1,353,383.86,404,9
8,a10,101,353,379.22,404,9
8,a10,201,353,385.68,404,9
8,a10,301,353,382.62,404,9
8,a10,401,353,382.58,404,9
8,a10,501,353,382.76,404,10
8,a10,601,353,384.3,404,10
8,a10,701,353,387.06,404,10
8,a10,801,353,382.08,404,10
8,a10,901,353,383.02,404,10
8,a10,1001,353,385.08,404,10
8,a10,1101,353,381.7,404,10
8,a10,1201,353,378.02,404,10
8,a10,1301,353,387.26,404,10
8,a10,1401,353,380.76,404,10
8,a10,1501,353,382.5,404,10
8,a10,1601,353,384.94,404,10
8,a10,1701,361,385.12,404,10
8,a10,1801,353,381.86,404,10
8,a10,1901,353,383.12,404,10
8,a10,2001,353,379.66,404,10
8,a10,2101,353,382.04,404,10
8,a10,2201,353,381.98,404,10
8,a10,2301,353,384.6,404,10
8,a10,2401,353,381.62,404,10
8,a10,2501,353,381.12,404,10
8,a10,2601,353,381.84,404,10
8,a10,2701,353,379.62,404,10
8,a10,2801,353,382.4,404,10
8,a10,2901,353,388.62,404,10
8,a10,3001,353,381.78,404,10
8,a10,3101,353,386.44,404,10
8,a10,3201,353,380.16,404,10
8,a10,3301,361,382.56,404,10
8,a10,3401,353,383.14,404,10
8,a10,3501,353,383.04,404,10
8,a10,3601,353,382.34,404,10
8,a10,3701,353,376.78,404,10
8,a10,3801,353,380.84,404,10
8,a10,3901,353,380.76,404,10
8,a10,4001,353,381.6,404,10
8,a10,4101,353,381.82,404,10
8,a10,4201,353,381.54,404,10
8,a10,4301,353,382.46,404,10
8,a10,4401,353,382.58,404,10
8,a10,4501,353,379.92,404,10
8,a10,4601,353,382.34,404,10
8,a10,4701,353,381.78,404,10
8,a10,4801,353,381.34,404,10
8,a10,4901,353,381.86,404,10
8,a10,5001,353,381.32,404,10
8,a10,5101,353,380.9,404,10
8,a10,5201,353,373.96,404,10
8,a10,5301,353,380.38,404,10
8,a10,5401,353,377.88,404,10
8,a10,5501,353,383.06,404,10
8,a10,5601,353,376.58,404,10
8,a10,5701,353,379.68,404,10
8,a10,5801,353,387.64,404,10
8,a10,5901,353,379.4,404,10
8,a10,6001,353,379.4,404,10
8,a10,6101,353,381.14,404,10
8,a10,6201,353,381.16,404,10
8,a10,6301,353,378.8,404,10
8,a10,6401,353,381.02,404,10
8,a10,6501,353,374.8,404,10
8,a10,6601,353,379.62,404,10
8,a10,6701,353,382.54,404,10
8,a10,6801,353,384.98,404,10
8,a10,6901,353,381.58,404,10
8,a10,7001,353,380.16,404,10
8,a10,7101,353,383.32,404,10
8,a10,7201,353,381.86,404,10
8,a10,7301,353,383.98,404,10
8,a10,7401,353,377.32,404,10
8,a10,7501,353,383.24,404,10
8,a10,7601,353,386.52,404,10
8,a10,7701,353,382.7,404,10
8,a10,7801,353,380.28,404,10
8,a10,7901,353,382.22,404,10
8,a10,8001,353,380.9,404,10
8,a10,8101,353,380.7,404,10
8,a10,8201,353,377.1,404,10
8,a10,8301,353,381.86,404,10
8,a10,8401,353,381.16,404,10
8,a10,8501,353,379.68,404,10
8,a10,8601,353,378.72,404,10
8,a10,8701,353,383.34,404,10
8,a10,8801,353,381.52,404,10
8,a10,8901,353,382.48,404,10
8,a10,9001,353,379.56,404,10
8,a10,9101,353,381.46,404,11
8,a10,9201,353,376.74,404,11
8,a10,9301,353,383.74,404,11
8,a10,9401,353,377.7,404,11
8,a10,9501,353,378.38,404,11
8,a10,9601,353,381.58,404,11
8,a10,9701,353,376.14,404,11
8,a10,9801,353,381.28,404,11
8,a10,9901,353,381.68,404,11
8,a10,10001,353,379.86,404,11
9,a10,1,353,379.92,404,11
9,a10,101,353,377.26,404,11
9,a10,201,353,382.92,404,11
9,a10,301,353,384.5,404,11
9,a10,401,353,381.5,404,11
9,a10,501,353,380.3,404,11
9,a10,601,353,381.6,404,11
9,a10,701,353,380.06,404,11
9,a10,801,353,384.8,404,11
9,a10,901,353,380.92,404,11
9,a10,1001,353,377.02,404,11
9,a10,1101,353,386.1,404,11
9,a10,1201,353,379.06,404,11
9,a10,1301,353,382.92,404,11
9,a10,1401,353,378.04,404,11
9,a10,1501,353,379.82,404,11
9,a10,1601,353,382.86,404,11
9,a10,1701,353,380.16,404,11
9,a10,1801,353,384.92,404,11
9,a10,1901,353,379.34,404,11
9,a10,2001,353,383.86,404,11
9,a10,2101,353,381.8,404,11
9,a10,2201,353,385.46,404,11
9,a10,2301,353,379.66,404,11
9,a10,2401,353,377.34,404,11
9,a10,2501,353,377.32,404,11
9,a10,2601,353,381.76,404,11
9,a10,2701,353,384.42,404,11
9,a10,2801,353,378.2,404,11
9,a10,2901,353,381.32,404,11
9,a10,3001,353,384.06,404,11
9,a10,3101,353,385.3,404,11
9,a10,3201,353,381.8,404,11
9,a10,3301,353,380.84,404,11
9,a10,3401,353,383.9,404,11
9,a10,3501,353,383.14,404,11
9,a10,3601,353,381.78,404,11
9,a10,3701,353,379.08,404,11
9,a10,3801,353,382.04,404,11
9,a10,3901,353,380.58,404,11
9,a10,4001,353,382.06,404,11
9,a10,4101,353,380.16,404,11
9,a10,4201,353,382.08,404,11
9,a10,4301,353,383.6,404,11
9,a10,4401,353,380.36,404,11
9,a10,4501,353,383.44,404,11
9,a10,4601,353,377.7,404,11
9,a10,4701,353,379.52,404,11
9,a10,4801,353,382.22,404,11
9,a10,4901,353,382.9,404,11
9,a10,5001,353,381.42,404,11
9,a10,5101,353,381.38,404,11
9,a10,5201,353,383,404,11
9,a10,5301,353,377.86,404,11
9,a10,5401,353,381.82,404,11
9,a10,5501,353,381.86,404,11
9,a10,5601,353,382.54,404,11
9,a10,5701,353,386.08,404,12
9,a10,5801,353,384.38,404,12
9,a10,5901,353,379.36,404,12
9,a10,6001,353,379.54,404,12
9,a10,6101,353,384.22,404,12
9,a10,6201,353,378.74,404,12
9,a10,6301,353,383.98,404,12
9,a10,6401,353,383.58,404,12
9,a10,6501,353,380.16,404,12
9,a10,6601,353,382.96,404,12
9,a10,6701,353,383.78,404,12
9,a10,6801,353,379.42,404,12
9,a10,6901,353,379.44,404,12
9,a10,7001,353,385.62,404,12
9,a10,7101,353,384.62,404,12
9,a10,7201,353,382.28,404,12
9,a10,7301,353,382.6,404,12
9,a10,7401,353,382.6,404,12
9,a10,7501,353,382.22,404,12
9,a10,7601,353,377.86,404,12
9,a10,7701,353,380.24,404,12
9,a10,7801,353,381.26,404,12
9,a10,7901,353,377.7,404,12
9,a10,8001,353,375.72,404,12
9,a10,8101,353,379.54,404,12
9,a10,8201,353,375.9,404,12
9,a10,8301,353,382.8,404,12
9,a10,8401,353,380.56,404,12
9,a10,8501,353,384.22,404,12
9,a10,8601,353,379.98,404,12
9,a10,8701,353,380.86,404,12
9,a10,8801,353,380.54,404,12
9,a10,8901,353,382.08,404,12
9,a10,9001,353,383.96,404,12
9,a10,9101,353,381.78,404,12
9,a10,9201,353,381.92,404,12
9,a10,9301,353,383.62,404,12
9,a10,9401,353,381.44,404,12
9,a10,9501,353,386.4,404,12
9,a10,9601,353,385.5,404,12
9,a10,9701,353,385.08,404,12
9,a10,9801,353,383.76,404,12
9,a10,9901,353,377.12,404,12
9,a10,10001,353,381.8,404,12
10,a10,1,353,382.3,404,12
10,a10,101,353,381.12,404,12
10,a10,201,353,381.26,404,12
10,a10,301,353,378.7,404,12
10,a10,401,353,388.18,404,12
10,a10,501,353,382.02,404,12
10,a10,601,353,380.9,404,12
10,a10,701,353,379.96,404,12
10,a10,801,353,384.16,404,12
10,a10,901,353,381.3,404,12
10,a10,1001,353,380.16,404,12
10,a10,1101,353,386.26,404,12
10,a10,1201,353,382.86,404,12
10,a10,1301,353,384.32,404,12
10,a10,1401,353,381.88,404,12
10,a10,1501,353,383.12,404,12
10,a10,1601,353,381.48,404,12
10,a10,1701,353,379.7,404,12
10,a10,1801,353,382.74,404,12
10,a10,1901,353,380.36,404,12
10,a10,2001,353,381.48,404,12
10,a10,2101,353,385.38,404,12
10,a10,2201,353,381.98,404,12
10,a10,2301,353,383.18,404,12
10,a10,2401,353,379.44,404,12
10,a10,2501,353,377.44,404,12
10,a10,2601,353,381.86,404,13
10,a10,2701,353,379.18,404,13
10,a10,2801,353,383.2,404,13
10,a10,2901,353,385.76,404,13
10,a10,3001,353,384.06,404,13
10,a10,3101,353,381.8,404,13
10,a10,3201,353,378,404,13
10,a10,3301,353,381.02,404,13
10,a10,3401,353,380.86,404,13
10,a10,3501,353,379.88,404,13
10,a10,3601,353,380.94,404,13
10,a10,3701,353,383.04,404,13
10,a10,3801,353,380.66,404,13
10,a10,3901,353,378.82,404,13
10,a10,4001,353,383.28,404,13
10,a10,4101,353,381.38,404,13
10,a10,4201,353,383.14,404,13
10,a10,4301,353,380.72,404,13
10,a10,4401,353,379.36,404,13
10,a10,4501,353,379.7,404,13
10,a10,4601,353,381.52,404,13
10,a10,4701,353,380.92,404,13
10,a10,4801,353,382.12,404,13
10,a10,4901,353,383.6,404,13
10,a10,5001,353,383.14,404,13
10,a10,5101,353,380.4,404,13
10,a10,5201,353,382.36,404,13
10,a10,5301,353,379.88,404,13
10,a10,5401,353,380.4,404,13
10,a10,5501,353,383.9,404,13
10,a10,5601,353,380.58,404,13
10,a10,5701,353,383.3,404,13
10,a10,5801,353,377.32,404,13
10,a10,5901,353,383.24,404,13
10,a10,6001,353,384.52,404,13
10,a10,6101,353,380.58,404,13
10,a10,6201,353,377.26,404,13
10,a10,6301,353,381.16,404,13
10,a10,6401,353,386.14,404,13
10,a10,6501,353,379.34,404,13
10,a10,6601,353,380.6,404,13
10,a10,6701,353,381.42,404,13
10,a10,6801,353,380,404,13
10,a10,6901,353,379,404,13
10,a10,7001,353,381.1,404,13
10,a10,7101,353,382.68,404,13
10,a10,7201,353,378.98,404,13
10,a10,7301,353,379.52,404,13
10,a10,7401,353,381.92,404,13
10,a10,7501,353,380.4,404,13
10,a10,7601,353,380.86,404,13
10,a10,7701,353,379.28,404,13
10,a10,7801,353,379.42,404,13
10,a10,7901,353,388.08,404,13
10,a10,8001,353,376.62,404,13
10,a10,8101,353,377.84,404,13
10,a10,8201,353,383.98,404,13
10,a10,8301,353,382.56,404,13
10,a10,8401,353,381.6,404,13
10,a10,8501,353,385.16,404,13
10,a10,8601,353,381.04,404,13
10,a10,8701,353,381.2,404,13
10,a10,8801,353,378.92,404,13
10,a10,8901,353,385.24,404,13
10,a10,9001,353,383.28,404,13
10,a10,9101,353,378.04,404,13
10,a10,9201,353,384.86,404,13
10,a10,9301,353,380.38,404,13
10,a10,9401,353,379.48,404,13
10,a10,9501,353,384.42,404,13
10,a10,9601,353,378.48,404,13
10,a10,9701,353,376.56,404,13
10,a10,9801,353,386.64,404,13
10,a10,9901,353,381.72,404,13
10,a10,10001,353,384.08,404,13
11,a10,1,353,379.2,404,13
11,a10,101,353,383.3,404,13
11,a10,201,353,387.48,404,13
11,a10,301,353,380.2,404,13
11,a10,401,353,378.5,404,13
11,a10,501,353,388.36,404,13
11,a10,601,353,382.6,404,14
11,a10,701,353,382.38,404,14
11,a10,801,353,383.78,404,14
11,a10,901,353,378,404,14
11,a10,1001,353,382.2,404,14
11,a10,1101,353,383.68,404,14
11,a10,1201,353,383.62,404,14
11,a10,1301,353,377.04,404,14
11,a10,1401,353,382.84,404,14
11,a10,1501,353,383.06,404,14
11,a10,1601,353,375.3,404,14
11,a10,1701,353,381.18,404,14
11,a10,1801,353,381.82,404,14
11,a10,1901,353,381.02,404,14
11,a10,2001,353,381.06,404,14
11,a10,2101,353,384.6,404,14
11,a10,2201,353,379.44,404,14
11,a10,2301,353,382.9,404,14
11,a10,2401,353,378.46,404,14
11,a10,2501,353,381.52,404,14
11,a10,2601,353,377.84,404,14
11,a10,2701,353,385.1,404,14
11,a10,2801,353,382.54,404,14
11,a10,2901,353,377.98,404,14
11,a10,3001,353,380.38,404,14
11,a10,3101,353,379.98,404,14
11,a10,3201,353,382.04,404,14
11,a10,3301,353,382.4,404,14
11,a10,3401,353,379.5,404,14
11,a10,3501,353,385.68,404,14
11,a10,3601,353,382.36,404,14
11,a10,3701,353,380.02,404,14
11,a10,3801,353,380.34,404,14
11,a10,3901,353,382.74,404,14
11,a10,4001,353,382.84,404,14
11,a10,4101,353,381.9,404,14
11,a10,4201,353,384.76,404,14
11,a10,4301,353,380.8,404,14
11,a10,4401,353,384.08,404,14
11,a10,4501,353,380.62,404,14
11,a10,4601,353,383.54,404,14
11,a10,4701,353,375.86,404,14
11,a10,4801,353,385.72,404,14
11,a10,4901,353,380.34,404,14
11,a10,5001,353,378.7,404,14
11,a10,5101,353,384.24,404,14
11,a10,5201,353,379.82,404,14
11,a10,5301,353,378.82,404,14
11,a10,5401,353,385.34,404,14
11,a10,5501,353,381.94,404,14
11,a10,5601,353,384.76,404,14
11,a10,5701,353,380.2,404,14
11,a10,5801,353,380.38,404,14
11,a10,5901,353,385.66,404,14
11,a10,6001,353,380.58,404,14
11,a10,6101,353,380.96,404,14
11,a10,6201,353,383.48,404,14
11,a10,6301,353,382.52,404,14
11,a10,6401,353,381.2,404,14
11,a10,6501,353,382.68,404,14
11,a10,6601,353,384.28,404,14
11,a10,6701,353,385.34,404,14
11,a10,6801,353,379.82,404,14
11,a10,6901,353,380.94,404,14
11,a10,7001,353,382.08,404,14
11,a10,7101,353,382.62,404,14
11,a10,7201,353,387.48,404,14
11,a10,7301,353,379.76,404,14
11,a10,7401,353,377.92,404,14
11,a10,7501,353,385.9,404,14
11,a10,7601,353,381.3,404,14
11,a10,7701,353,379.08,404,14
11,a10,7801,353,382.06,404,14
11,a10,7901,353,379.16,404,14
11,a10,8001,353,381.92,404,14
11,a10,8101,353,380.84,404,14
11,a10,8201,353,378.66,404,14
11,a10,8301,353,384.56,404,14
11,a10,8401,353,380.4,404,14
11,a10,8501,353,378,404,14
11,a10,8601,353,381.5,404,15
11,a10,8701,353,383.28,404,15
11,a10,8801,353,382.48,404,15
11,a10,8901,353,380.86,404,15
11,a10,9001,353,380.9,404,15
11,a10,9101,353,374.64,404,15
11,a10,9201,353,381.02,404,15
11,a10,9301,353,383.08,404,15
11,a10,9401,353,377.84,404,15
11,a10,9501,353,382.12,404,15
11,a10,9601,353,384.92,404,15
11,a10,9701,353,381.7,404,15
11,a10,9801,353,381.32,404,15
11,a10,9901,353,382.76,404,15
11,a10,10001,353,381.04,404,15
12,a10,1,353,383.78,404,15
12,a10,101,353,387.34,404,15
12,a10,201,353,382.74,404,15
12,a10,301,353,383.6,404,15
12,a10,401,353,383.68,404,15
12,a10,501,353,383.62,404,15
12,a10,601,353,376.82,404,15
12,a10,701,353,381.38,404,15
12,a10,801,353,383.98,404,15
12,a10,901,353,377.44,404,15
12,a10,1001,353,383.18,404,15
12,a10,1101,353,380.44,404,15
12,a10,1201,353,378.94,404,15
12,a10,1301,353,378.74,404,15
12,a10,1401,353,384.08,404,15
12,a10,1501,353,376.92,404,15
12,a10,1601,353,383.24,404,15
12,a10,1701,353,377.64,404,15
12,a10,1801,353,381.98,404,15
12,a10,1901,353,376.76,404,15
12,a10,2001,353,383.04,404,15
12,a10,2101,353,383.38,404,15
12,a10,2201,353,379.7,404,15
12,a10,2301,353,382.86,404,15
12,a10,2401,353,382.66,404,15
12,a10,2501,353,386.32,404,15
12,a10,2601,353,381.94,404,15
12,a10,2701,353,382.32,404,15
12,a10,2801,353,387.86,404,15
12,a10,2901,353,383.04,404,15
12,a10,3001,353,381.08,404,15
12,a10,3101,353,383.46,404,15
12,a10,3201,353,384.1,404,15
12,a10,3301,353,378.3,404,15
12,a10,3401,353,379.42,404,15
12,a10,3501,353,383.9,404,15
12,a10,3601,353,380.92,404,15
12,a10,3701,353,382.4,404,15
12,a10,3801,353,378.5,404,15
12,a10,3901,353,380.94,404,15
12,a10,4001,353,378.6,404,15
12,a10,4101,353,378.16,404,15
12,a10,4201,353,382.62,404,15
12,a10,4301,353,382.24,404,15
12,a10,4401,353,383.38,404,15
12,a10,4501,353,383.1,404,15
12,a10,4601,353,383.26,404,15
12,a10,4701,353,380.88,404,15
12,a10,4801,353,383.44,404,15
12,a10,4901,353,382.74,404,15
12,a10,5001,353,378.98,404,15
12,a10,5101,353,383.66,404,15
12,a10,5201,353,382.74,404,15
12,a10,5301,353,379.08,404,15
12,a10,5401,353,378.66,404,15
12,a10,5501,353,381.92,404,15
12,a10,5601,353,381.18,404,15
12,a10,5701,353,379.72,404,15
12,a10,5801,353,378.36,404,15
12,a10,5901,353,375.48,404,15
12,a10,6001,353,384.38,404,15
12,a10,6101,353,384.64,404,15
12,a10,6201,353,388,404,16
12,a10,6301,353,381.46,404,16
12,a10,6401,353,384.16,404,16
12,a10,6501,353,380.96,404,16
12,a10,6601,353,380.52,404,16
12,a10,6701,353,381.32,404,16
12,a10,6801,353,384.06,404,16
12,a10,6901,353,384.26,404,16
12,a10,7001,353,381.08,404,16
12,a10,7101,353,385.44,404,16
12,a10,7201,353,379.16,404,16
12,a10,7301,353,385.4,404,16
12,a10,7401,353,381.78,404,16
12,a10,7501,353,383.98,404,16
12,a10,7601,353,378.34,404,16
12,a10,7701,353,379.48,404,16
12,a10,7801,353,379.42,404,16
12,a10,7901,353,382.68,404,16
12,a10,8001,353,383.3,404,16
12,a10,8101,353,378.42,404,16
12,a10,8201,353,374.96,404,16
12,a10,8301,353,379.08,404,16
12,a10,8401,353,385.36,404,16
12,a10,8501,353,383.08,404,16
12,a10,8601,353,376.96,404,16
12,a10,8701,353,379.1,404,16
12,a10,8801,353,381.6,404,16
12,a10,8901,353,381.2,404,16
12,a10,9001,353,383.68,404,16
12,a10,9101,353,386.74,404,16
12,a10,9201,353,380.9,404,16
12,a10,9301,353,379.44,404,16
12,a10,9401,353,381.58,404,16
12,a10,9501,353,383.02,404,16
12,a10,9601,353,386.1,404,16
12,a10,9701,353,385.62,404,16
12,a10,9801,353,376.34,404,16
12,a10,9901,353,380.2,404,16
12,a10,10001,353,378.92,404,16
13,a10,1,353,383.76,404,16
13,a10,101,353,378.64,404,16
13,a10,201,353,381.34,404,16
13,a10,301,353,384.7,404,16
13,a10,401,353,380.44,404,16
13,a10,501,353,382.02,404,16
13,a10,601,361,387.86,404,16
13,a10,701,353,381.92,404,16
13,a10,801,361,383.38,404,16
13,a10,901,353,382.78,404,16
13,a10,1001,353,385.66,404,16
13,a10,1101,353,379.94,404,16
13,a10,1201,353,379.12,404,16
13,a10,1301,353,377.18,404,16
13,a10,1401,353,385.3,404,16
13,a10,1501,353,382.66,404,16
13,a10,1601,353,382.28,404,16
13,a10,1701,353,379.86,404,16
13,a10,1801,353,377.44,404,16
13,a10,1901,353,381.94,404,16
13,a10,2001,353,378.34,404,16
13,a10,2101,353,381.1,404,16
13,a10,2201,353,381.96,404,16
13,a10,2301,353,382.12,404,16
13,a10,2401,353,380.3,404,16
13,a10,2501,353,379.34,404,16
13,a10,2601,353,382.34,404,16
13,a10,2701,353,388.14,404,16
13,a10,2801,353,378.84,404,16
13,a10,2901,353,381.46,404,16
13,a10,3001,353,382.9,404,16
13,a10,3101,353,380.08,404,16
13,a10,3201,353,383.22,404,16
13,a10,3301,353,376.86,404,16
13,a10,3401,353,377,404,16
13,a10,3501,353,379.96,404,16
13,a10,3601,353,378.7,404,17
13,a10,3701,353,383.68,404,17
13,a10,3801,353,383.54,404,17
13,a10,3901,353,380.42,404,17
13,a10,4001,353,383.94,404,17
13,a10,4101,353,386.06,404,17
13,a10,4201,353,379.88,404,17
13,a10,4301,353,376.92,404,17
13,a10,4401,353,379.58,404,17
13,a10,4501,353,383.2,404,17
13,a10,4601,353,380.78,404,17
13,a10,4701,353,379.28,404,17
13,a10,4801,353,383.52,404,17
13,a10,4901,353,381.24,404,17
13,a10,5001,353,381.66,404,17
13,a10,5101,353,382.76,404,17
13,a10,5201,353,383.16,404,17
13,a10,5301,353,382.38,404,17
13,a10,5401,353,381.64,404,17
13,a10,5501,353,378.88,404,17
13,a10,5601,353,381.04,404,17
13,a10,5701,353,383.04,404,17
13,a10,5801,353,379.9,404,17
13,a10,5901,353,385.24,404,17
13,a10,6001,353,384.68,404,17
13,a10,6101,353,380.26,404,17
13,a10,6201,353,379.46,404,17
13,a10,6301,353,376.34,404,17
13,a10,6401,353,377.62,404,17
13,a10,6501,353,375.82,404,17
13,a10,6601,353,378.48,404,17
13,a10,6701,353,377.9,404,17
13,a10,6801,353,386.38,404,17
13,a10,6901,353,380.9,404,17
13,a10,7001,353,380.36,404,17
13,a10,7101,353,379.56,404,17
13,a10,7201,353,379.94,404,17
13,a10,7301,353,380.34,404,17
13,a10,7401,353,383.08,404,17
13,a10,7501,353,383.54,404,17
13,a10,7601,353,379.24,404,17
13,a10,7701,353,383.58,404,17
13,a10,7801,353,380.62,404,17
13,a10,7901,353,382.96,404,17
13,a10,8001,353,385.76,404,17
13,a10,8101,353,379.68,404,17
13,a10,8201,353,380,404,17
13,a10,8301,353,381.3,404,17
13,a10,8401,353,379.94,404,17
13,a10,8501,353,379.8,404,17
13,a10,8601,353,380.06,404,17
13,a10,8701,353,383.1,404,17
13,a10,8801,353,380.94,404,17
13,a10,8901,353,382.64,404,17
13,a10,9001,353,380.78,404,17
13,a10,9101,353,385.84,404,17
13,a10,9201,353,381.26,404,17
13,a10,9301,353,379.22,404,17
13,a10,9401,353,383.58,404,17
13,a10,9501,353,377.44,404,17
13,a10,9601,353,378.38,404,17
13,a10,9701,353,383.6,404,17
13,a10,9801,353,382.98,404,17
13,a10,9901,353,381.54,404,17
13,a10,10001,353,382.78,404,17
14,a10,1,353,378.8,404,17
14,a10,101,353,381.56,404,17
14,a10,201,353,377.1,404,17
14,a10,301,353,384.46,404,17
14,a10,401,353,380.62,404,17
14,a10,501,353,384.2,404,17
14,a10,601,353,380.18,404,17
14,a10,701,353,378.88,404,17
14,a10,801,353,382.94,404,17
14,a10,901,353,384.72,404,17
14,a10,1001,353,378.94,404,17
14,a10,1101,353,380.52,404,17
14,a10,1201,353,381.42,404,17
14,a10,1301,353,380.3,404,17
14,a10,1401,353,380.32,404,18
14,a10,1501,353,384.12,404,18
14,a10,1601,353,384.26,404,18
14,a10,1701,353,383.98,404,18
14,a10,1801,353,382.2,404,18
14,a10,1901,353,383.84,404,18
14,a10,2001,353,378.54,404,18
14,a10,2101,353,386.8,404,18
14,a10,2201,353,382.36,404,18
14,a10,2301,353,381.8,404,18
14,a10,2401,353,385,404,18
14,a10,2501,353,379.42,404,18
14,a10,2601,353,377.28,404,18
14,a10,2701,353,382.38,404,18
14,a10,2801,353,380.42,404,18
14,a10,2901,353,382,404,18
14,a10,3001,353,377.18,404,18
14,a10,3101,353,377.4,404,18
14,a10,3201,353,383.98,404,18
14,a10,3301,353,378.08,404,18
14,a10,3401,353,382.3,404,18
14,a10,3501,353,382.58,404,18
14,a10,3601,353,382.28,404,18
14,a10,3701,353,381.16,404,18
14,a10,3801,353,381.48,404,18
14,a10,3901,353,378.34,404,18
14,a10,4001,353,381.46,404,18
14,a10,4101,353,381.24,404,18
14,a10,4201,353,381.6,404,18
14,a10,4301,353,382.24,404,18
14,a10,4401,353,382.54,404,18
14,a10,4501,353,381.64,404,18
14,a10,4601,353,380.52,404,18
14,a10,4701,353,385.88,404,18
14,a10,4801,353,384.56,404,18
14,a10,4901,353,381.5,404,18
14,a10,5001,353,381.94,404,18
14,a10,5101,353,381.94,404,18
14,a10,5201,353,384.58,404,18
14,a10,5301,353,385.44,404,18
14,a10,5401,353,381.96,404,18
14,a10,5501,353,381.98,404,18
14,a10,5601,353,379.36,404,18
14,a10,5701,353,379.8,404,18
14,a10,5801,353,380.22,404,18
14,a10,5901,353,374.16,404,18
14,a10,6001,353,379.94,404,18
14,a10,6101,353,381.32,404,18
14,a10,6201,353,382.46,404,18
14,a10,6301,353,381.02,404,18
14,a10,6401,353,385.3,404,18
14,a10,6501,353,383.38,404,18
14,a10,6601,353,380.36,404,18
14,a10,6701,353,381.7,404,18
14,a10,6801,353,381.5,404,18
14,a10,6901,353,386.46,404,18
14,a10,7001,353,384.64,404,18
14,a10,7101,353,385.42,404,18
14,a10,7201,353,381.28,404,18
14,a10,7301,353,384.58,404,18
14,a10,7401,353,383.9,404,18
14,a10,7501,353,380.22,404,18
14,a10,7601,353,381.78,404,18
14,a10,7701,353,380.22,404,18
14,a10,7801,353,381.74,404,18
14,a10,7901,353,378.48,404,18
14,a10,8001,353,382.3,404,18
14,a10,8101,353,381.34,404,18
14,a10,8201,353,378.78,404,18
14,a10,8301,353,376.42,404,18
14,a10,8401,353,381.44,404,18
14,a10,8501,353,380.46,404,18
14,a10,8601,353,385.18,404,18
14,a10,8701,353,382.04,404,18
14,a10,8801,353,382.66,404,18
14,a10,8901,353,380.36,404,19
14,a10,9001,353,381.68,404,19
14,a10,9101,353,382.02,404,19
14,a10,9201,353,380.04,404,19
14,a10,9301,353,382.44,404,19
14,a10,9401,353,384.72,404,19
14,a10,9501,353,383.2,404,19
14,a10,9601,353,384.44,404,19
14,a10,9701,353,382.24,404,19
14,a10,9801,353,379.84,404,19
14,a10,9901,353,385.34,404,19
14,a10,10001,353,386.94,404,19
15,a10,1,353,379.64,404,19
15,a10,101,353,383.3,404,19
15,a10,201,353,384.16,404,19
15,a10,301,353,380.6,404,19
15,a10,401,353,382.44,404,19
15,a10,501,353,380.24,404,19
15,a10,601,353,379,404,19
15,a10,701,353,383.38,404,19
15,a10,801,353,375.42,404,19
15,a10,901,353,378.04,404,19
15,a10,1001,353,379.16,404,19
15,a10,1101,353,380.4,404,19
15,a10,1201,353,381.96,404,19
15,a10,1301,353,381.42,404,19
15,a10,1401,353,377.68,404,19
15,a10,1501,353,382.4,404,19
15,a10,1601,353,383.72,404,19
15,a10,1701,353,379.68,404,19
15,a10,1801,353,380.54,404,19
15,a10,1901,353,378.94,404,19
15,a10,2001,353,381.08,404,19
15,a10,2101,353,383.72,404,19
15,a10,2201,353,381.08,404,19
15,a10,2301,353,384.76,404,19
15,a10,2401,353,383.48,404,19
15,a10,2501,353,383.72,404,19
15,a10,2601,353,379.92,404,19
15,a10,2701,353,384.62,404,19
15,a10,2801,353,378.76,404,19
15,a10,2901,353,379.58,404,19
15,a10,3001,353,383.48,404,19
15,a10,3101,353,379.4,404,19
15,a10,3201,353,383.78,404,19
15,a10,3301,353,384.34,404,19
15,a10,3401,353,382.18,404,19
15,a10,3501,353,384.56,404,19
15,a10,3601,353,379.06,404,19
15,a10,3701,353,379.7,404,19
15,a10,3801,353,380.66,404,19
15,a10,3901,353,382.12,404,19
15,a10,4001,353,376.22,404,19
15,a10,4101,353,381.34,404,19
15,a10,4201,353,384.38,404,19
15,a10,4301,353,376.2,404,19
15,a10,4401,353,382.98,404,19
15,a10,4501,353,382.48,404,19
15,a10,4601,353,379,404,19
15,a10,4701,353,378.94,404,19
15,a10,4801,353,381.58,404,19
15,a10,4901,353,380.54,404,19
15,a10,5001,353,382.84,404,19
15,a10,5101,353,377.58,404,19
15,a10,5201,353,380.02,404,19
15,a10,5301,353,384.08,404,19
15,a10,5401,353,380.8,404,19
15,a10,5501,353,385.92,404,19
15,a10,5601,353,380.88,404,19
15,a10,5701,353,379.74,404,19
15,a10,5801,353,384.98,404,19
15,a10,5901,353,376.38,404,19
15,a10,6001,353,377.3,404,19
15,a10,6101,353,382.22,404,19
15,a10,6201,353,377.78,404,19
15,a10,6301,353,376.6,404,20
15,a10,6401,353,379.14,404,20
15,a10,6501,353,380.26,404,20
15,a10,6601,353,376.2,404,20
15,a10,6701,353,379.8,404,20
15,a10,6801,353,384.64,404,20
15,a10,6901,353,381.38,404,20
15,a10,7001,353,379.76,404,20
15,a10,7101,353,384.68,404,20
15,a10,7201,353,385.46,404,20
15,a10,7301,353,383.24,404,20
15,a10,7401,353,382.18,404,20
15,a10,7501,353,381.76,404,20
15,a10,7601,353,378.38,404,20
15,a10,7701,353,375.94,404,20
15,a10,7801,353,378.2,404,20
15,a10,7901,353,384.1,404,20
15,a10,8001,353,380.32,404,20
15,a10,8101,353,381.5,404,20
15,a10,8201,353,380.2,404,20
15,a10,8301,353,389.5,404,20
15,a10,8401,353,377.3,404,20
15,a10,8501,353,381.5,404,20
15,a10,8601,353,381.98,404,20
15,a10,8701,353,380.48,404,20
15,a10,8801,353,386.44,404,20
15,a10,8901,353,378.92,404,20
15,a10,9001,353,380.1,404,20
15,a10,9101,353,381.22,404,20
15,a10,9201,353,382.18,404,20
15,a10,9301,353,379.98,404,20
15,a10,9401,353,382.92,404,20
15,a10,9501,353,380.26,404,20
15,a10,9601,353,377.58,404,20
15,a10,9701,353,386.38,404,20
15,a10,9801,353,378.4,404,20
15,a10,9901,353,379.74,404,20
15,a10,10001,353,378.5,404,20
16,a10,1,353,377,404,20
16,a10,101,353,382.88,404,20
16,a10,201,353,381.44,404,20
16,a10,301,353,388.16,404,20
16,a10,401,353,382.3,404,20
16,a10,501,353,376.62,404,20
16,a10,601,353,381,404,20
16,a10,701,353,375.02,404,20
16,a10,801,353,378.58,404,20
16,a10,901,353,381.1,404,20
16,a10,1001,353,382.42,404,20
16,a10,1101,353,383.32,404,20
16,a10,1201,353,386.92,404,20
16,a10,1301,353,388.64,404,20
16,a10,1401,353,385.76,404,20
16,a10,1501,353,383.16,404,20
16,a10,1601,353,377.58,404,20
16,a10,1701,353,380.4,404,20
16,a10,1801,353,380.66,404,20
16,a10,1901,353,385.76,404,20
16,a10,2001,353,383.22,404,20
16,a10,2101,353,379.84,404,20
16,a10,2201,353,381.2,404,20
16,a10,2301,353,382.7,404,20
16,a10,2401,353,381.72,404,20
16,a10,2501,353,381.8,404,20
16,a10,2601,353,380.6,404,20
16,a10,2701,353,382,404,20
16,a10,2801,353,380.36,404,20
16,a10,2901,353,379.38,404,20
16,a10,3001,353,381.72,404,20
16,a10,3101,353,380.22,404,20
16,a10,3201,353,384.76,404,20
16,a10,3301,353,381.46,404,20
16,a10,3401,353,381.12,404,20
16,a10,3501,353,378.86,404,20
16,a10,3601,353,381.88,404,20
16,a10,3701,353,380.66,404,20
16,a10,3801,353,385.82,404,20
16,a10,3901,353,380.3,404,21
16,a10,4001,353,375.38,404,21
16,a10,4101,353,382.06,404,21
16,a10,4201,353,380.78,404,21
16,a10,4301,353,381.48,404,21
16,a10,4401,353,383.86,404,21
16,a10,4501,353,382.44,404,21
16,a10,4601,353,383.02,404,21
16,a10,4701,353,385.08,404,21
16,a10,4801,353,380.94,404,21
16,a10,4901,353,382.82,404,21
16,a10,5001,353,378.84,404,21
16,a10,5101,353,386.66,404,21
16,a10,5201,353,381.56,404,21
16,a10,5301,353,380.72,404,21
16,a10,5401,353,384.3,404,21
16,a10,5501,353,385.16,404,21
16,a10,5601,353,380.66,404,21
16,a10,5701,353,381.64,404,21
16,a10,5801,353,380.9,404,21
16,a10,5901,353,376.66,404,21
16,a10,6001,353,378.8,404,21
16,a10,6101,353,380.5,404,21
16,a10,6201,353,380.64,404,21
16,a10,6301,353,378.58,404,21
16,a10,6401,353,378.06,404,21
16,a10,6501,353,381.5,404,21
16,a10,6601,353,380.6,404,21
16,a10,6701,353,380.98,404,21
16,a10,6801,353,380.9,404,21
16,a10,6901,353,383.52,404,21
16,a10,7001,353,376.28,404,21
16,a10,7101,353,383.92,404,21
16,a10,7201,353,376.98,404,21
16,a10,7301,353,383.46,404,21
16,a10,7401,353,382.36,404,21
16,a10,7501,353,384.14,404,21
16,a10,7601,353,381.26,404,21
16,a10,7701,353,381.8,404,21
16,a10,7801,353,380.72,404,21
16,a10,7901,353,383.02,404,21
16,a10,8001,353,380.76,404,21
16,a10,8101,353,380.04,404,21
16,a10,8201,353,383.14,404,21
16,a10,8301,353,379.5,404,21
16,a10,8401,353,383.08,404,21
16,a10,8501,353,381.72,404,21
16,a10,8601,353,386.6,404,21
16,a10,8701,353,382.98,404,21
16,a10,8801,353,380.84,404,21
16,a10,8901,353,382.62,404,21
16,a10,9001,353,381.9,404,21
16,a10,9101,353,381.52,404,21
16,a10,9201,353,381.1,404,21
16,a10,9301,353,380.86,404,21
16,a10,9401,353,380.92,404,21
16,a10,9501,353,381.18,404,21
16,a10,9601,353,381.38,404,21
16,a10,9701,353,381.96,404,21
16,a10,9801,353,383.06,404,21
16,a10,9901,353,384.84,404,21
16,a10,10001,353,383.38,404,21
17,a10,1,353,384.16,404,21
17,a10,101,353,379.06,404,21
17,a10,201,353,380.16,404,21
17,a10,301,353,379.06,404,21
17,a10,401,353,379.2,404,21
17,a10,501,353,379.6,404,21
17,a10,601,353,379.54,404,21
17,a10,701,353,386.1,404,21
17,a10,801,353,379.58,404,21
17,a10,901,353,381.96,404,21
17,a10,1001,353,377.52,404,21
17,a10,1101,353,379.68,404,21
17,a10,1201,353,381.74,404,21
17,a10,1301,353,384.14,404,21
17,a10,1401,353,383.6,404,21
17,a10,1501,353,384.1,404,21
17,a10,1601,353,378.54,404,21
17,a10,1701,353,381.4,404,21
17,a10,1801,353,381.16,404,21
17,a10,1901,353,381.16,404,21
17,a10,2001,353,381.24,404,22
17,a10,2101,353,382.54,404,22
17,a10,2201,353,384.16,404,22
17,a10,2301,353,380.86,404,22
17,a10,2401,353,376.98,404,22
17,a10,2501,353,379.86,404,22
17,a10,2601,353,380.9,404,22
17,a10,2701,353,378.72,404,22
17,a10,2801,353,386.16,404,22
17,a10,2901,353,379.9,404,22
17,a10,3001,353,381.46,404,22
17,a10,3101,353,381.24,404,22
17,a10,3201,353,382.52,404,22
17,a10,3301,353,382.46,404,22
17,a10,3401,353,383.7,404,22
17,a10,3501,353,379.9,404,22
17,a10,3601,353,380.4,404,22
17,a10,3701,353,382.42,404,22
17,a10,3801,353,381.74,404,22
17,a10,3901,353,384.92,404,22
17,a10,4001,353,382.96,404,22
17,a10,4101,353,379.74,404,22
17,a10,4201,353,379.24,404,22
17,a10,4301,353,381.48,404,22
17,a10,4401,353,381.14,404,22
17,a10,4501,353,380.5,404,22
17,a10,4601,353,385.48,404,22
17,a10,4701,353,376.92,404,22
17,a10,4801,353,381.44,404,22
17,a10,4901,353,379.1,404,22
17,a10,5001,353,385.06,404,22
17,a10,5101,353,384.74,404,22
17,a10,5201,353,380.76,404,22
17,a10,5301,353,380.34,404,22
17,a10,5401,353,376.62,404,22
17,a10,5501,353,378.98,404,22
17,a10,5601,353,380.36,404,22
17,a10,5701,353,381.14,404,22
17,a10,5801,353,379.06,404,22
17,a10,5901,353,382.22,404,22
17,a10,6001,353,380.62,404,22
17,a10,6101,353,385.22,404,22
17,a10,6201,353,379.52,404,22
17,a10,6301,353,381.62,404,22
17,a10,6401,353,381.16,404,22
17,a10,6501,353,379.92,404,22
17,a10,6601,353,384.98,404,22
17,a10,6701,353,384.4,404,22
17,a10,6801,353,383.22,404,22
17,a10,6901,353,383.24,404,22
17,a10,7001,353,379.52,404,22
17,a10,7101,353,382.68,404,22
17,a10,7201,353,377.32,404,22
17,a10,7301,353,378.08,404,22
17,a10,7401,353,384.34,404,22
17,a10,7501,353,380.12,404,22
17,a10,7601,353,379.84,404,22
17,a10,7701,353,381.2,404,22
17,a10,7801,353,380.5,404,22
17,a10,7901,353,381.16,404,22
17,a10,8001,353,379.34,404,22
17,a10,8101,353,378.82,404,22
17,a10,8201,353,379.88,404,22
17,a10,8301,353,381.14,404,22
17,a10,8401,353,378.32,404,22
17,a10,8501,353,382.32,404,22
17,a10,8601,353,380.02,404,22
17,a10,8701,353,378.74,404,22
17,a10,8801,353,385.96,404,22
17,a10,8901,353,381.12,404,22
17,a10,9001,353,380.08,404,22
17,a10,9101,353,385.4,404,22
17,a10,9201,353,382.8,404,22
17,a10,9301,353,380.08,404,22
17,a10,9401,353,381.88,404,22
17,a10,9501,353,385.3,404,22
17,a10,9601,353,385.2,404,22
17,a10,9701,353,379.64,404,22
17,a10,9801,353,378.56,404,22
17,a10,9901,353,384.66,404,22
17,a10,10001,353,380.98,404,22
18,a10,1,353,379.04,404,22
18,a10,101,353,381.4,404,22
18,a10,201,353,383,404,22
18,a10,301,353,383.88,404,22
18,a10,401,353,382.38,404,22
18,a10,501,353,384.74,404,22
18,a10,601,353,380.76,404,23
18,a10,701,353,381.56,404,23
18,a10,801,353,384.66,404,23
18,a10,901,353,383.12,404,23
18,a10,1001,353,382.72,404,23
18,a10,1101,353,382.68,404,23
18,a10,1201,353,383.78,404,23
18,a10,1301,353,384.36,404,23
18,a10,1401,353,382.42,404,23
18,a10,1501,353,378.66,404,23
18,a10,1601,353,380.64,404,23
18,a10,1701,353,382.24,404,23
18,a10,1801,353,381.68,404,23
18,a10,1901,353,384.08,404,23
18,a10,2001,353,381.02,404,23
18,a10,2101,353,381.32,404,23
18,a10,2201,353,383.9,404,23
18,a10,2301,353,378.64,404,23
18,a10,2401,353,383.6,404,23
18,a10,2501,353,382.42,404,23
18,a10,2601,353,381.96,404,23
18,a10,2701,353,379.9,404,23
18,a10,2801,353,385.86,404,23
18,a10,2901,353,380.72,404,23
18,a10,3001,353,380.24,404,23
18,a10,3101,353,379.32,404,23
18,a10,3201,353,382.78,404,23
18,a10,3301,353,380.34,404,23
18,a10,3401,353,379.46,404,23
18,a10,3501,353,383.86,404,23
18,a10,3601,353,381.52,404,23
18,a10,3701,353,379.44,404,23
18,a10,3801,353,380.5,404,23
18,a10,3901,353,380.08,404,23
18,a10,4001,353,380.42,404,23
18,a10,4101,353,379.54,404,23
18,a10,4201,353,384.64,404,23
18,a10,4301,353,382,404,23
18,a10,4401,353,379.9,404,23
18,a10,4501,353,378.94,404,23
18,a10,4601,353,382.38,404,23
18,a10,4701,353,380.22,404,23
18,a10,4801,353,384.68,404,23
18,a10,4901,353,382.02,404,23
18,a10,5001,353,380.66,404,23
18,a10,5101,353,380.2,404,23
18,a10,5201,353,382.52,404,23
18,a10,5301,353,384.18,404,23
18,a10,5401,353,384.56,404,23
18,a10,5501,353,387.12,404,23
18,a10,5601,353,378.68,404,23
18,a10,5701,353,380.84,404,23
18,a10,5801,353,381.14,404,23
18,a10,5901,353,384.42,404,23
18,a10,6001,353,380.32,404,23
18,a10,6101,353,386.66,404,23
18,a10,6201,353,384.78,404,23
18,a10,6301,353,383.62,404,23
18,a10,6401,353,381.18,404,23
18,a10,6501,353,376.54,404,23
18,a10,6601,353,381.36,404,23
18,a10,6701,353,384.24,404,23
18,a10,6801,353,379.4,404,23
18,a10,6901,353,381.12,404,23
18,a10,7001,353,383.5,404,23
18,a10,7101,353,384.18,404,23
18,a10,7201,353,382.68,404,23
18,a10,7301,353,380.66,404,23
18,a10,7401,353,378.76,404,23
18,a10,7501,353,380.12,404,23
18,a10,7601,353,382.62,404,23
18,a10,7701,353,382.22,404,23
18,a10,7801,353,379.48,404,23
18,a10,7901,353,382.58,404,23
18,a10,8001,353,383.16,404,23
18,a10,8101,353,381.82,404,23
18,a10,8201,353,382.14,404,23
18,a10,8301,353,378.94,404,23
18,a10,8401,353,381,404,23
18,a10,8501,353,386.76,404,23
18,a10,8601,353,383.94,404,23
18,a10,8701,353,377.96,404,23
18,a10,8801,353,383.04,404,23
18,a10,8901,353,378.36,404,23
18,a10,9001,353,383.22,404,23
18,a10,9101,353,380.52,404,23
18,a10,9201,353,382.72,404,23
18,a10,9301,353,382.12,404,24
18,a10,9401,353,377.38,404,24
18,a10,9501,353,381.56,404,24
18,a10,9601,353,382.66,404,24
18,a10,9701,353,381.3,404,24
18,a10,9801,353,380.76,404,24
18,a10,9901,353,383.4,404,24
18,a10,10001,353,385.22,404,24
19,a10,1,353,376.54,404,24
19,a10,101,353,381.16,404,24
19,a10,201,353,376.9,404,24
19,a10,301,353,381.36,404,24
19,a10,401,353,382.7,404,24
19,a10,501,353,380.9,404,24
19,a10,601,353,377.62,404,24
19,a10,701,353,382.36,404,24
19,a10,801,353,381.08,404,24
19,a10,901,353,379.52,404,24
19,a10,1001,353,382.32,404,24
19,a10,1101,353,378.2,404,24
19,a10,1201,353,382.7,404,24
19,a10,1301,353,381.96,404,24
19,a10,1401,353,384.36,404,24
19,a10,1501,353,379.9,404,24
19,a10,1601,353,377.28,404,24
19,a10,1701,353,377.1,404,24
19,a10,1801,353,383.4,404,24
19,a10,1901,353,382.54,404,24
19,a10,2001,353,377.46,404,24
19,a10,2101,353,381.68,404,24
19,a10,2201,353,379.42,404,24
19,a10,2301,353,382.72,404,24
19,a10,2401,353,383.1,404,24
19,a10,2501,353,376.02,404,24
19,a10,2601,353,379.04,404,24
19,a10,2701,353,381.56,404,24
19,a10,2801,353,381.1,404,24
19,a10,2901,353,378.08,404,24
19,a10,3001,353,382.38,404,24
19,a10,3101,353,380.4,404,24
19,a10,3201,353,379.84,404,24
19,a10,3301,353,384.1,404,24
19,a10,3401,353,381.52,404,24
19,a10,3501,353,384.52,404,24
19,a10,3601,353,379.1,404,24
19,a10,3701,353,383.82,404,24
19,a10,3801,353,382.78,404,24
19,a10,3901,353,377.4,404,24
19,a10,4001,353,381.62,404,24
19,a10,4101,353,381.5,404,24
19,a10,4201,353,380.68,404,24
19,a10,4301,353,379.5,404,24
19,a10,4401,353,382.2,404,24
19,a10,4501,353,380.72,404,24
19,a10,4601,353,380.14,404,24
19,a10,4701,353,382.9,404,24
19,a10,4801,353,385.44,404,24
19,a10,4901,353,380,404,24
19,a10,5001,353,379.36,404,24
19,a10,5101,353,383.08,404,24
19,a10,5201,353,380.54,404,24
19,a10,5301,353,383.72,404,24
19,a10,5401,353,381.8,404,24
19,a10,5501,353,379.5,404,24
19,a10,5601,353,379.14,404,24
19,a10,5701,353,376,404,24
19,a10,5801,353,378.14,404,24
19,a10,5901,353,383.44,404,24
19,a10,6001,353,386.02,404,24
19,a10,6101,353,388.12,404,24
19,a10,6201,353,376.1,404,24
19,a10,6301,353,385.82,404,24
19,a10,6401,353,381.58,404,24
19,a10,6501,353,383.4,404,24
19,a10,6601,353,381.16,404,24
19,a10,6701,353,376.8,404,24
19,a10,6801,353,383.16,404,24
19,a10,6901,353,382.28,404,24
19,a10,7001,353,381.16,404,24
19,a10,7101,353,385.98,404,24
19,a10,7201,353,377.46,404,24
19,a10,7301,353,381.64,404,24
19,a10,7401,353,386.26,404,24
19,a10,7501,353,381.44,404,24
19,a10,7601,353,385.48,404,24
19,a10,7701,353,380.66,404,24
19,a10,7801,353,379.62,404,24
19,a10,7901,353,382.22,404,24
19,a10,8001,353,379.06,404,25
19,a10,8101,353,385.14,404,25
19,a10,8201,353,379.98,404,25
19,a10,8301,353,379.94,404,25
19,a10,8401,353,378.92,404,25
19,a10,8501,353,382,404,25
19,a10,8601,353,383.28,404,25
19,a10,8701,353,380.08,404,25
19,a10,8801,353,382.4,404,25
19,a10,8901,353,379.86,404,25
19,a10,9001,353,378.1,404,25
19,a10,9101,353,379.68,404,25
19,a10,9201,353,380.92,404,25
19,a10,9301,361,382.74,404,25
19,a10,9401,353,383.76,404,25
19,a10,9501,353,384.62,404,25
19,a10,9601,353,380.88,404,25
19,a10,9701,353,383.6,404,25
19,a10,9801,353,383.46,404,25
19,a10,9901,353,385.32,404,25
19,a10,10001,353,380.26,404,25
20,a10,1,353,387.22,404,25
20,a10,101,353,378.64,404,25
20,a10,201,353,380.76,404,25
20,a10,301,353,376.72,404,25
20,a10,401,353,383.24,404,25
20,a10,501,353,382.04,404,25
20,a10,601,353,385.1,404,25
20,a10,701,353,383.16,404,25
20,a10,801,353,384.8,404,25
20,a10,901,353,377.94,404,25
20,a10,1001,353,381.14,404,25
20,a10,1101,353,382.5,404,25
20,a10,1201,353,385.5,404,25
20,a10,1301,353,383.88,404,25
20,a10,1401,353,378.38,404,25
20,a10,1501,353,383.66,404,25
20,a10,1601,353,380.94,404,25
20,a10,1701,353,381.06,404,25
20,a10,1801,353,381.82,404,25
20,a10,1901,353,379.42,404,25
20,a10,2001,353,382.38,404,25
20,a10,2101,353,384.86,404,25
20,a10,2201,353,386.44,404,25
20,a10,2301,353,383.4,404,25
20,a10,2401,353,375.62,404,25
20,a10,2501,353,383.12,404,25
20,a10,2601,353,381.26,404,25
20,a10,2701,353,378.04,404,25
20,a10,2801,353,383.3,404,25
20,a10,2901,353,380.52,404,25
20,a10,3001,353,383.96,404,25
20,a10,3101,353,382.16,404,25
20,a10,3201,353,382.02,404,25
20,a10,3301,353,384.5,404,25
20,a10,3401,353,382.66,404,25
20,a10,3501,353,382.52,404,25
20,a10,3601,353,383.82,404,25
20,a10,3701,353,382.08,404,25
20,a10,3801,353,378.64,404,25
20,a10,3901,353,381.04,404,25
20,a10,4001,353,376.46,404,25
20,a10,4101,353,382.42,404,25
20,a10,4201,353,380.54,404,25
20,a10,4301,353,384.32,404,25
20,a10,4401,353,383.1,404,25
20,a10,4501,353,380.88,404,25
20,a10,4601,353,376.9,404,25
20,a10,4701,353,381.48,404,25
20,a10,4801,353,379.56,404,25
20,a10,4901,353,383.54,404,25
20,a10,5001,353,384.32,404,25
20,a10,5101,353,382.3,404,25
20,a10,5201,353,376.02,404,25
20,a10,5301,353,385.66,404,25
20,a10,5401,353,382.88,404,25
20,a10,5501,353,380.26,404,25
20,a10,5601,353,378.68,404,25
20,a10,5701,353,382.22,404,25
20,a10,5801,353,382.8,404,25
20,a10,5901,353,379.18,404,25
20,a10,6001,353,379.68,404,25
20,a10,6101,353,382.72,404,25
20,a10,6201,353,382.04,404,25
20,a10,6301,353,380.82,404,25
20,a10,6401,353,379.18,404,25
20,a10,6501,353,383.8,404,25
20,a10,6601,353,379.42,404,26
20,a10,6701,353,380.84,404,26
20,a10,6801,353,383.48,404,26
20,a10,6901,353,387.38,404,26
20,a10,7001,353,379.74,404,26
20,a10,7101,353,380.86,404,26
20,a10,7201,353,382.16,404,26
20,a10,7301,353,377.18,404,26
20,a10,7401,353,379.4,404,26
20,a10,7501,353,388.52,404,26
20,a10,7601,353,377.76,404,26
20,a10,7701,353,381.04,404,26
20,a10,7801,353,379.88,404,26
20,a10,7901,353,381.18,404,26
20,a10,8001,353,383.1,404,26
20,a10,8101,353,379.82,404,26
20,a10,8201,353,380.74,404,26
20,a10,8301,353,381.94,404,26
20,a10,8401,353,381.92,404,26
20,a10,8501,353,384.04,404,26
20,a10,8601,353,385.88,404,26
20,a10,8701,353,385.26,404,26
20,a10,8801,353,382.82,404,26
20,a10,8901,353,379.1,404,26
20,a10,9001,353,383.24,404,26
20,a10,9101,353,381.94,404,26
20,a10,9201,353,381.86,404,26
20,a10,9301,353,379.16,404,26
20,a10,9401,353,384.94,404,26
20,a10,9501,353,383.3,404,26
20,a10,9601,353,378.22,404,26
20,a10,9701,353,379.1,404,26
20,a10,9801,353,374.94,404,26
20,a10,9901,353,384.88,404,26
20,a10,10001,353,384.6,404,26
21,a10,1,353,382,404,26
21,a10,101,353,382.8,404,26
21,a10,201,353,383.06,404,26
21,a10,301,353,383.46,404,26
21,a10,401,353,382.82,404,26
21,a10,501,353,381,404,26
21,a10,601,353,384.98,404,26
21,a10,701,353,381.58,404,26
21,a10,801,353,383.26,404,26
21,a10,901,353,385.58,404,26
21,a10,1001,353,384.56,404,26
21,a10,1101,353,381.38,404,26
21,a10,1201,353,386.12,404,26
21,a10,1301,353,379.08,404,26
21,a10,1401,353,382.82,404,26
21,a10,1501,353,382.2,404,26
21,a10,1601,353,377,404,26
21,a10,1701,353,383.2,404,26
21,a10,1801,353,385.94,404,26
21,a10,1901,353,382.54,404,26
21,a10,2001,353,378.44,404,26
21,a10,2101,353,382,404,26
21,a10,2201,353,379.74,404,26
21,a10,2301,353,385.02,404,26
21,a10,2401,353,382.04,404,26
21,a10,2501,353,381.42,404,26
21,a10,2601,353,381.66,404,26
21,a10,2701,353,378.56,404,26
21,a10,2801,353,379.44,404,26
21,a10,2901,353,383.5,404,26
21,a10,3001,353,380.98,404,26
21,a10,3101,353,385.94,404,26
21,a10,3201,353,383.2,404,26
21,a10,3301,353,375.78,404,26
21,a10,3401,353,384.76,404,26
21,a10,3501,353,383.42,404,26
21,a10,3601,353,384.54,404,26
21,a10,3701,353,383.48,404,26
21,a10,3801,353,379.26,404,26
21,a10,3901,353,383.66,404,26
21,a10,4001,353,383.84,404,26
21,a10,4101,353,378.84,404,26
21,a10,4201,353,385.1,404,27
21,a10,4301,353,380.44,404,27
21,a10,4401,353,379.7,404,27
21,a10,4501,353,383.4,404,27
21,a10,4601,353,379.58,404,27
21,a10,4701,353,380.02,404,27
21,a10,4801,361,389.08,404,27
21,a10,4901,353,382.82,404,27
21,a10,5001,353,381.52,404,27
21,a10,5101,353,381.46,404,27
21,a10,5201,353,382.5,404,27
21,a10,5301,353,383.76,404,27
21,a10,5401,353,385.28,404,27
21,a10,5501,353,381.88,404,27
21,a10,5601,353,380.84,404,27
21,a10,5701,353,379.54,404,27
21,a10,5801,353,378.62,404,27
21,a10,5901,353,381.9,404,27
21,a10,6001,353,378.4,404,27
21,a10,6101,353,380.36,404,27
21,a10,6201,353,376.84,404,27
21,a10,6301,353,382,404,27
21,a10,6401,361,383.12,404,27
21,a10,6501,353,383.42,404,27
21,a10,6601,353,374.92,404,27
21,a10,6701,353,377.96,404,27
21,a10,6801,353,382.6,404,27
21,a10,6901,353,384.18,404,27
21,a10,7001,353,382.84,404,27
21,a10,7101,353,380.74,404,27
21,a10,7201,353,381.2,404,27
21,a10,7301,353,382.82,404,27
21,a10,7401,353,383.32,404,27
21,a10,7501,353,381.18,404,27
21,a10,7601,353,384.1,404,27
21,a10,7701,353,378.76,404,27
21,a10,7801,353,382.1,404,27
21,a10,7901,353,377.88,404,27
21,a10,8001,353,384.26,404,27
21,a10,8101,353,384.4,404,27
21,a10,8201,353,383.96,404,27
21,a10,8301,353,380.04,404,27
21,a10,8401,353,381.62,404,27
21,a10,8501,353,382.46,404,27
21,a10,8601,353,384.64,404,27
21,a10,8701,353,374.82,404,27
21,a10,8801,353,383.04,404,27
21,a10,8901,353,376.54,404,27
21,a10,9001,353,383.32,404,27
21,a10,9101,353,384.14,404,27
21,a10,9201,353,382.8,404,27
21,a10,9301,353,382.84,404,27
21,a10,9401,353,377.5,404,27
21,a10,9501,353,382.16,404,27
21,a10,9601,353,385.14,404,27
21,a10,9701,353,382.14,404,27
21,a10,9801,353,380.1,404,27
21,a10,9901,353,385.66,404,27
21,a10,10001,353,379.32,404,27
22,a10,1,353,384.26,404,27
22,a10,101,353,382.04,404,27
22,a10,201,353,380.68,404,27
22,a10,301,353,382.48,404,27
22,a10,401,353,385.1,404,27
22,a10,501,353,382.86,404,27
22,a10,601,353,380.18,404,27
22,a10,701,353,378.04,404,27
22,a10,801,353,385.72,404,27
22,a10,901,353,378.3,404,27
22,a10,1001,353,379.28,404,27
22,a10,1101,353,380.08,404,27
22,a10,1201,353,377.6,404,27
22,a10,1301,353,381.9,404,27
22,a10,1401,353,380.1,404,27
22,a10,1501,353,378.54,404,27
22,a10,1601,353,385.66,404,27
22,a10,1701,353,373.3,404,27
22,a10,1801,353,384.72,404,27
22,a10,1901,353,383.8,404,27
22,a10,2001,353,386.94,404,27
22,a10,2101,353,381.8,404,27
22,a10,2201,353,383.06,404,27
22,a10,2301,353,385.82,404,27
22,a10,2401,353,379.28,404,27
22,a10,2501,353,378.76,404,27
22,a10,2601,353,385.88,404,27
22,a10,2701,353,379.46,404,27
22,a10,2801,353,382.06,404,27
22,a10,2901,353,381.48,404,28
22,a10,3001,353,377.44,404,28
22,a10,3101,353,384.4,404,28
22,a10,3201,353,380.16,404,28
22,a10,3301,353,384.16,404,28
22,a10,3401,353,378.26,404,28
22,a10,3501,353,378.76,404,28
22,a10,3601,353,380,404,28
22,a10,3701,353,378.82,404,28
22,a10,3801,353,385.72,404,28
22,a10,3901,353,376.2,404,28
22,a10,4001,353,381.04,404,28
22,a10,4101,353,377.7,404,28
22,a10,4201,353,385.54,404,28
22,a10,4301,353,383.42,404,28
22,a10,4401,353,379.5,404,28
22,a10,4501,353,384.54,404,28
22,a10,4601,353,382.72,404,28
22,a10,4701,353,384.02,404,28
22,a10,4801,353,380.54,404,28
22,a10,4901,353,384.18,404,28
22,a10,5001,353,382.08,404,28
22,a10,5101,353,380.18,404,28
22,a10,5201,353,386.06,404,28
22,a10,5301,353,386.54,404,28
22,a10,5401,353,384.12,404,28
22,a10,5501,353,375.72,404,28
22,a10,5601,353,380.2,404,28
22,a10,5701,353,378.94,404,28
22,a10,5801,353,384.08,404,28
22,a10,5901,353,380.02,404,28
22,a10,6001,353,376.66,404,28
22,a10,6101,353,385.5,404,28
22,a10,6201,353,383.56,404,28
22,a10,6301,353,381.7,404,28
22,a10,6401,353,381.12,404,28
22,a10,6501,353,380.98,404,28
22,a10,6601,353,381.74,404,28
22,a10,6701,353,380.1,404,28
22,a10,6801,353,379.88,404,28
22,a10,6901,353,382.6,404,28
22,a10,7001,353,379.86,404,28
22,a10,7101,353,384.44,404,28
22,a10,7201,353,381.16,404,28
22,a10,7301,353,383.62,404,28
22,a10,7401,353,379.3,404,28
22,a10,7501,353,378.46,404,28
22,a10,7601,353,380.32,404,28
22,a10,7701,353,380,404,28
22,a10,7801,353,377.36,404,28
22,a10,7901,353,375.42,404,28
22,a10,8001,353,383.28,404,28
22,a10,8101,353,382.94,404,28
22,a10,8201,353,383.96,404,28
22,a10,8301,353,377.74,404,28
22,a10,8401,353,378.02,404,28
22,a10,8501,353,379.94,404,28
22,a10,8601,353,380.76,404,28
22,a10,8701,353,379,404,28
22,a10,8801,353,385.38,404,28
22,a10,8901,353,378.38,404,28
22,a10,9001,353,382.18,404,28
22,a10,9101,353,376.9,404,28
22,a10,9201,353,387.94,404,28
22,a10,9301,353,380.28,404,28
22,a10,9401,353,382.24,404,28
22,a10,9501,353,382.1,404,28
22,a10,9601,353,382.92,404,28
22,a10,9701,353,380.54,404,28
22,a10,9801,353,382.42,404,28
22,a10,9901,353,384.96,404,28
22,a10,10001,353,382.8,404,28
23,a10,1,353,380.96,404,28
23,a10,101,353,380.28,404,28
23,a10,201,353,383.74,404,28
23,a10,301,353,378.36,404,28
23,a10,401,353,376.42,404,28
23,a10,501,353,377.54,404,28
23,a10,601,353,380.58,404,28
23,a10,701,353,380.4,404,28
23,a10,801,353,381.54,404,28
23,a10,901,353,380.86,404,28
23,a10,1001,353,381.52,404,28
23,a10,1101,353,379.84,404,28
23,a10,1201,353,382.24,404,28
23,a10,1301,353,378.98,404,28
23,a10,1401,353,384.22,404,28
23,a10,1501,353,381.4,404,28
23,a10,1601,353,379.96,404,29
23,a10,1701,353,381.92,404,29
23,a10,1801,353,381.34,404,29
23,a10,1901,353,384.64,404,29
23,a10,2001,353,381.04,404,29
23,a10,2101,353,383.5,404,29
23,a10,2201,353,379.86,404,29
23,a10,2301,353,381.74,404,29
23,a10,2401,353,381.84,404,29
23,a10,2501,353,382.68,404,29
23,a10,2601,353,379.86,404,29
23,a10,2701,353,382.32,404,29
23,a10,2801,353,382.34,404,29
23,a10,2901,353,383.82,404,29
23,a10,3001,353,381.88,404,29
23,a10,3101,353,385.44,404,29
23,a10,3201,353,384.72,404,29
23,a10,3301,353,383.18,404,29
23,a10,3401,353,383.36,404,29
23,a10,3501,353,380.36,404,29
23,a10,3601,353,377.46,404,29
23,a10,3701,353,385.18,404,29
23,a10,3801,353,384.38,404,29
23,a10,3901,353,381.14,404,29
23,a10,4001,353,378.08,404,29
23,a10,4101,353,380.88,404,29
23,a10,4201,353,380.9,404,29
23,a10,4301,353,383.2,404,29
23,a10,4401,353,378.12,404,29
23,a10,4501,353,382.24,404,29
23,a10,4601,353,382.8,404,29
23,a10,4701,353,382.44,404,29
23,a10,4801,353,378.92,404,29
23,a10,4901,353,383.64,404,29
23,a10,5001,353,384.54,404,29
23,a10,5101,353,376.8,404,29
23,a10,5201,353,380.96,404,29
23,a10,5301,353,383.02,404,29
23,a10,5401,353,379.58,404,29
23,a10,5501,353,385.88,404,29
23,a10,5601,353,380.68,404,29
23,a10,5701,353,381.8,404,29
23,a10,5801,353,381.28,404,29
23,a10,5901,353,377.16,404,29
23,a10,6001,353,384.48,404,29
23,a10,6101,353,383.66,404,29
23,a10,6201,353,379.58,404,29
23,a10,6301,353,377.54,404,29
23,a10,6401,353,381.86,404,29
23,a10,6501,353,380.12,404,29
23,a10,6601,353,382.56,404,29
23,a10,6701,353,376.92,404,29
23,a10,6801,353,384.08,404,29
23,a10,6901,353,381.52,404,29
23,a10,7001,353,381.8,404,29
23,a10,7101,353,385.22,404,29
23,a10,7201,353,378.16,404,29
23,a10,7301,353,378.58,404,29
23,a10,7401,353,377.96,404,29
23,a10,7501,353,382.54,404,29
23,a10,7601,353,382.14,404,29
23,a10,7701,353,379.54,404,29
23,a10,7801,353,377.6,404,29
23,a10,7901,353,382.26,404,29
23,a10,8001,353,383.72,404,29
23,a10,8101,353,378.44,404,29
23,a10,8201,353,382.82,404,29
23,a10,8301,353,377.7,404,29
23,a10,8401,353,382.68,404,29
23,a10,8501,353,381.1,404,29
23,a10,8601,353,379.94,404,29
23,a10,8701,353,383,404,29
23,a10,8801,353,380,404,29
23,a10,8901,353,383.62,404,29
23,a10,9001,353,384.58,404,29
23,a10,9101,353,381.1,404,29
23,a10,9201,353,385.42,404,29
23,a10,9301,353,384.3,404,29
23,a10,9401,353,382.28,404,29
23,a10,9501,353,382.84,404,29
23,a10,9601,353,380.2,404,29
23,a10,9701,353,382.14,404,29
23,a10,9801,353,386.3,404,29
23,a10,9901,353,377.76,404,29
23,a10,10001,353,376.7,404,29
24,a10,1,353,378.96,404,29
24,a10,101,353,384.22,404,29
24,a10,201,353,384.86,404,30
24,a10,301,353,382.8,404,30
24,a10,401,353,380.66,404,30
24,a10,501,353,386.72,404,30
24,a10,601,353,376.12,404,30
24,a10,701,353,380.24,404,30
24,a10,801,353,381.64,404,30
24,a10,901,353,378.88,404,30
24,a10,1001,353,380.18,404,30
24,a10,1101,353,384.62,404,30
24,a10,1201,353,378.74,404,30
24,a10,1301,353,383.1,404,30
24,a10,1401,353,377.8,404,30
24,a10,1501,353,381.92,404,30
24,a10,1601,353,379.64,404,30
24,a10,1701,353,379.48,404,30
24,a10,1801,353,382.2,404,30
24,a10,1901,353,382.06,404,30
24,a10,2001,353,381.52,404,30
24,a10,2101,353,385.1,404,30
24,a10,2201,353,385.76,404,30
24,a10,2301,353,384.6,404,30
24,a10,2401,353,381.18,404,30
24,a10,2501,353,383.58,404,30
24,a10,2601,353,380.54,404,30
24,a10,2701,353,381.46,404,30
24,a10,2801,353,382.34,404,30
24,a10,2901,353,387.4,404,30
24,a10,3001,353,382.02,404,30
24,a10,3101,353,381.04,404,30
24,a10,3201,353,380.44,404,30
24,a10,3301,353,384.64,404,30
24,a10,3401,353,379.66,404,30
24,a10,3501,353,381.38,404,30
24,a10,3601,353,380.62,404,30
24,a10,3701,353,379.64,404,30
24,a10,3801,353,379.52,404,30
24,a10,3901,353,380.1,404,30
24,a10,4001,353,381.32,404,30
24,a10,4101,353,376.44,404,30
24,a10,4201,353,379.34,404,30
24,a10,4301,353,381.28,404,30
24,a10,4401,353,380,404,30
24,a10,4501,353,376.86,404,30
24,a10,4601,353,382.42,404,30
24,a10,4701,353,380.38,404,30
24,a10,4801,353,381.84,404,30
24,a10,4901,353,380.06,404,30
24,a10,5001,353,381.04,404,30
24,a10,5101,353,381.02,404,30
24,a10,5201,353,383.68,404,30
24,a10,5301,353,381,404,30
24,a10,5401,353,381.94,404,30
24,a10,5501,353,384.48,404,30
24,a10,5601,353,384.3,404,30
24,a10,5701,353,383.8,404,30
24,a10,5801,353,378.34,404,30
24,a10,5901,353,380,404,30
24,a10,6001,353,381.58,404,30
24,a10,6101,353,379.88,404,30
24,a10,6201,353,386.38,404,30
24,a10,6301,353,379.94,404,30
24,a10,6401,353,379.64,404,30
24,a10,6501,353,377.76,404,30
24,a10,6601,353,377.68,404,30
24,a10,6701,353,382.9,404,30
24,a10,6801,353,385.52,404,30
24,a10,6901,353,379.88,404,30
24,a10,7001,353,381.16,404,30
24,a10,7101,353,381.86,404,30
24,a10,7201,353,379.16,404,30
24,a10,7301,353,385.2,404,30
24,a10,7401,353,384.8,404,30
24,a10,7501,353,379.34,404,30
24,a10,7601,353,379.7,404,30
24,a10,7701,353,380.42,404,30
24,a10,7801,353,384.68,404,30
24,a10,7901,353,385.06,404,30
24,a10,8001,353,380.44,404,30
24,a10,8101,353,382.54,404,30
24,a10,8201,353,381.24,404,30
24,a10,8301,353,373.26,404,30
24,a10,8401,353,379.46,404,31
24,a10,8501,353,383.82,404,31
24,a10,8601,353,385.92,404,31
24,a10,8701,353,385.74,404,31
24,a10,8801,353,381.34,404,31
24,a10,8901,353,381.5,404,31
24,a10,9001,361,381.78,404,31
24,a10,9101,353,384.28,404,31
24,a10,9201,353,384.02,404,31
24,a10,9301,353,378.84,404,31
24,a10,9401,353,383.8,404,31
24,a10,9501,353,381.74,404,31
24,a10,9601,353,381.18,404,31
24,a10,9701,353,386.98,404,31
24,a10,9801,353,380.74,404,31
24,a10,9901,353,385.5,404,31
24,a10,10001,353,386.74,404,31
25,a10,1,353,377.22,404,31
25,a10,101,353,379.44,404,31
25,a10,201,353,380.54,404,31
25,a10,301,353,377.92,404,31
25,a10,401,353,379.68,404,31
25,a10,501,353,384.96,404,31
25,a10,601,353,383.98,404,31
25,a10,701,353,386.32,404,31
25,a10,801,353,381.78,404,31
25,a10,901,353,381.04,404,31
25,a10,1001,353,378.36,404,31
25,a10,1101,353,383.26,404,31
25,a10,1201,353,381.44,404,31
25,a10,1301,353,380.54,404,31
25,a10,1401,353,384.7,404,31
25,a10,1501,353,380.1,404,31
25,a10,1601,353,384.32,404,31
25,a10,1701,353,382.16,404,31
25,a10,1801,353,383.44,404,31
25,a10,1901,353,388.18,404,31
25,a10,2001,353,382.26,404,31
25,a10,2101,361,382.96,404,31
25,a10,2201,353,386.74,404,31
25,a10,2301,353,385.46,404,31
25,a10,2401,353,386.54,404,31
25,a10,2501,353,382.34,404,31
25,a10,2601,353,384.42,404,31
25,a10,2701,353,382.52,404,31
25,a10,2801,353,379.64,404,31
25,a10,2901,353,382.92,404,31
25,a10,3001,353,383.12,404,31
25,a10,3101,353,381.56,404,31
25,a10,3201,353,383.14,404,31
25,a10,3301,353,379.38,404,31
25,a10,3401,353,385.32,404,31
25,a10,3501,353,380.68,404,31
25,a10,3601,353,379.68,404,31
25,a10,3701,353,383.42,404,31
25,a10,3801,353,381.22,404,31
25,a10,3901,353,381.86,404,31
25,a10,4001,353,380.24,404,31
25,a10,4101,353,384.08,404,31
25,a10,4201,353,381.32,404,31
25,a10,4301,353,386.18,404,31
25,a10,4401,353,381.32,404,31
25,a10,4501,353,380.22,404,31
25,a10,4601,353,379.88,404,31
25,a10,4701,353,379.26,404,31
25,a10,4801,353,383.98,404,31
25,a10,4901,353,381.08,404,31
25,a10,5001,353,381.78,404,31
25,a10,5101,353,384.88,404,31
25,a10,5201,353,379.9,404,31
25,a10,5301,353,380.18,404,31
25,a10,5401,353,381.02,404,31
25,a10,5501,353,381.56,404,31
25,a10,5601,353,383.08,404,31
25,a10,5701,353,377.74,404,31
25,a10,5801,353,383.16,404,31
25,a10,5901,353,383.86,404,31
25,a10,6001,353,384.3,404,31
25,a10,6101,353,385.46,404,31
25,a10,6201,353,383.48,404,31
25,a10,6301,353,380.68,404,31
25,a10,6401,353,383.64,404,32
25,a10,6501,353,382,404,32
25,a10,6601,353,380.7,404,32
25,a10,6701,353,383.44,404,32
25,a10,6801,353,383.12,404,32
25,a10,6901,353,386.32,404,32
25,a10,7001,353,378.66,404,32
25,a10,7101,353,381.36,404,32
25,a10,7201,353,379.42,404,32
25,a10,7301,353,381.8,404,32
25,a10,7401,353,382.44,404,32
25,a10,7501,353,380.1,404,32
25,a10,7601,353,382.22,404,32
25,a10,7701,353,384.94,404,32
25,a10,7801,353,380.68,404,32
25,a10,7901,353,384.06,404,32
25,a10,8001,353,378.78,404,32
25,a10,8101,353,377,404,32
25,a10,8201,353,382.36,404,32
25,a10,8301,353,383.84,404,32
25,a10,8401,353,379.74,404,32
25,a10,8501,353,382.78,404,32
25,a10,8601,353,381.24,404,32
25,a10,8701,353,385.86,404,32
25,a10,8801,353,383.2,404,32
25,a10,8901,353,377.5,404,32
25,a10,9001,353,386.26,404,32
25,a10,9101,353,382.44,404,32
25,a10,9201,353,383.24,404,32
25,a10,9301,353,380.76,404,32
25,a10,9401,353,382.4,404,32
25,a10,9501,353,381.82,404,32
25,a10,9601,353,385.02,404,32
25,a10,9701,353,377.62,404,32
25,a10,9801,353,382.6,404,32
25,a10,9901,353,383.14,404,32
25,a10,10001,353,379.7,404,32
26,a10,1,353,383.68,404,32
26,a10,101,353,384.06,404,32
26,a10,201,353,381.28,404,32
26,a10,301,353,381.2,404,32
26,a10,401,353,384.5,404,32
26,a10,501,353,381.82,404,32
26,a10,601,353,384.18,404,32
26,a10,701,353,380.4,404,32
26,a10,801,353,380.66,404,32
26,a10,901,353,385.36,404,32
26,a10,1001,353,381.8,404,32
26,a10,1101,353,385.1,404,32
26,a10,1201,353,378.04,404,32
26,a10,1301,353,383.74,404,32
26,a10,1401,353,384.7,404,32
26,a10,1501,353,382.54,404,32
26,a10,1601,353,383.04,404,32
26,a10,1701,353,375.9,404,32
26,a10,1801,353,380.26,404,32
26,a10,1901,353,377.62,404,32
26,a10,2001,353,382.82,404,32
26,a10,2101,353,381.94,404,32
26,a10,2201,353,380.22,404,32
26,a10,2301,353,380.8,404,32
26,a10,2401,353,384.32,404,32
26,a10,2501,353,382.4,404,32
26,a10,2601,353,379.74,404,32
26,a10,2701,353,380.76,404,32
26,a10,2801,353,378.04,404,32
26,a10,2901,353,382.32,404,32
26,a10,3001,353,377.38,404,32
26,a10,3101,353,385.24,404,32
26,a10,3201,353,386.96,404,32
26,a10,3301,353,383.28,404,32
26,a10,3401,353,383.34,404,32
26,a10,3501,353,381.42,404,32
26,a10,3601,353,384.7,404,32
26,a10,3701,353,381.86,404,32
26,a10,3801,353,385.62,404,32
26,a10,3901,353,381.08,404,32
26,a10,4001,353,382.74,404,32
26,a10,4101,353,380.94,404,32
26,a10,4201,353,382.4,404,32
26,a10,4301,353,380.42,404,32
26,a10,4401,353,382.08,404,32
26,a10,4501,353,379.02,404,32
26,a10,4601,353,384.14,404,32
26,a10,4701,353,383.82,404,32
26,a10,4801,353,378.6,404,32
26,a10,4901,353,378.04,404,33
26,a10,5001,353,381.64,404,33
26,a10,5101,353,383.2,404,33
26,a10,5201,353,382.06,404,33
26,a10,5301,353,378.96,404,33
26,a10,5401,353,384.62,404,33
26,a10,5501,353,387.16,404,33
26,a10,5601,353,382.14,404,33
26,a10,5701,353,377.52,404,33
26,a10,5801,353,379.24,404,33
26,a10,5901,353,381.56,404,33
26,a10,6001,353,382.82,404,33
26,a10,6101,353,382.72,404,33
26,a10,6201,353,382.86,404,33
26,a10,6301,353,383.24,404,33
26,a10,6401,353,381.7,404,33
26,a10,6501,353,381,404,33
26,a10,6601,353,380.7,404,33
26,a10,6701,353,381.74,404,33
26,a10,6801,353,384.24,404,33
26,a10,6901,353,379.04,404,33
26,a10,7001,353,382.18,404,33
26,a10,7101,353,385.1,404,33
26,a10,7201,353,380.86,404,33
26,a10,7301,353,382.2,404,33
26,a10,7401,353,373.8,404,33
26,a10,7501,353,383.98,404,33
26,a10,7601,353,380.52,404,33
26,a10,7701,353,378.24,404,33
26,a10,7801,353,381.02,404,33
26,a10,7901,353,375.68,404,33
26,a10,8001,353,379.76,404,33
26,a10,8101,353,380.44,404,33
26,a10,8201,353,384.28,404,33
26,a10,8301,353,380.28,404,33
26,a10,8401,361,386.84,404,33
26,a10,8501,353,380.74,404,33
26,a10,8601,353,384.88,404,33
26,a10,8701,353,381.66,404,33
26,a10,8801,353,378.38,404,33
26,a10,8901,353,382.38,404,33
26,a10,9001,353,378.24,404,33
26,a10,9101,353,380.12,404,33
26,a10,9201,353,377.78,404,33
26,a10,9301,353,380.86,404,33
26,a10,9401,353,380.3,404,33
26,a10,9501,353,383.04,404,33
26,a10,9601,353,380.24,404,33
26,a10,9701,353,381.72,404,33
26,a10,9801,353,376.4,404,33
26,a10,9901,353,379.88,404,33
26,a10,10001,353,378.32,404,33
27,a10,1,353,384.14,404,33
27,a10,101,353,381.14,404,33
27,a10,201,353,382.02,404,33
27,a10,301,353,387.06,404,33
27,a10,401,353,383.5,404,33
27,a10,501,353,380.48,404,33
27,a10,601,353,381.9,404,33
27,a10,701,353,382.32,404,33
27,a10,801,353,383.06,404,33
27,a10,901,353,385.26,404,33
27,a10,1001,353,383.38,404,33
27,a10,1101,353,383.54,404,33
27,a10,1201,353,379.8,404,33
27,a10,1301,353,376.56,404,33
27,a10,1401,353,377.84,404,33
27,a10,1501,353,380.04,404,33
27,a10,1601,353,383.32,404,33
27,a10,1701,361,382.58,404,33
27,a10,1801,353,382,404,33
27,a10,1901,353,386.66,404,33
27,a10,2001,353,385.1,404,33
27,a10,2101,353,381.9,404,33
27,a10,2201,353,385.34,404,33
27,a10,2301,353,381.92,404,33
27,a10,2401,353,379.46,404,33
27,a10,2501,353,375.58,404,33
27,a10,2601,353,385.26,404,33
27,a10,2701,353,383.04,404,33
27,a10,2801,353,382.18,404,33
27,a10,2901,353,377.44,404,33
27,a10,3001,353,380.86,404,33
27,a10,3101,353,381.46,404,33
27,a10,3201,353,381.54,404,33
27,a10,3301,353,384.66,404,33
27,a10,3401,353,379.3,404,33
27,a10,3501,353,381.26,404,33
27,a10,3601,353,384.54,404,34
27,a10,3701,353,378.12,404,34
27,a10,3801,353,379.1,404,34
27,a10,3901,353,382.08,404,34
27,a10,4001,353,377.74,404,34
27,a10,4101,353,382.66,404,34
27,a10,4201,353,381.54,404,34
27,a10,4301,353,387.02,404,34
27,a10,4401,353,376.02,404,34
27,a10,4501,353,380.7,404,34
27,a10,4601,353,382.24,404,34
27,a10,4701,353,387.04,404,34
27,a10,4801,353,375.9,404,34
27,a10,4901,353,382.7,404,34
27,a10,5001,353,381.56,404,34
27,a10,5101,353,379.94,404,34
27,a10,5201,353,383.82,404,34
27,a10,5301,353,387.08,404,34
27,a10,5401,353,380.24,404,34
27,a10,5501,353,383.74,404,34
27,a10,5601,353,380,404,34
27,a10,5701,353,380.02,404,34
27,a10,5801,353,382.9,404,34
27,a10,5901,353,380.84,404,34
27,a10,6001,353,383.04,404,34
27,a10,6101,353,383.88,404,34
27,a10,6201,353,381.3,404,34
27,a10,6301,353,383.96,404,34
27,a10,6401,353,382.66,404,34
27,a10,6501,353,383.78,404,34
27,a10,6601,353,381.8,404,34
27,a10,6701,353,378.64,404,34
27,a10,6801,353,381.3,404,34
27,a10,6901,353,387.5,404,34
27,a10,7001,353,380.56,404,34
27,a10,7101,353,376.74,404,34
27,a10,7201,353,379.78,404,34
27,a10,7301,353,381.12,404,34
27,a10,7401,353,378.56,404,34
27,a10,7501,353,384.7,404,34
27,a10,7601,353,375.74,404,34
27,a10,7701,353,381.34,404,34
27,a10,7801,353,385.24,404,34
27,a10,7901,353,383.56,404,34
27,a10,8001,353,379.74,404,34
27,a10,8101,353,385.58,404,34
27,a10,8201,353,380.36,404,34
27,a10,8301,353,380.94,404,34
27,a10,8401,353,384.78,404,34
27,a10,8501,353,382.7,404,34
27,a10,8601,353,378.64,404,34
27,a10,8701,353,380.94,404,34
27,a10,8801,353,380.34,404,34
27,a10,8901,353,381.14,404,34
27,a10,9001,353,381.16,404,34
27,a10,9101,353,377.44,404,34
27,a10,9201,353,388.66,404,34
27,a10,9301,353,382.94,404,34
27,a10,9401,353,382.18,404,34
27,a10,9501,353,381.86,404,34
27,a10,9601,353,381.88,404,34
27,a10,9701,353,381.38,404,34
27,a10,9801,353,380.48,404,34
27,a10,9901,353,385.56,404,34
27,a10,10001,353,385.58,404,34
28,a10,1,353,381.46,404,34
28,a10,101,353,386.62,404,34
28,a10,201,353,383.72,404,34
28,a10,301,353,381.44,404,34
28,a10,401,353,379.08,404,34
28,a10,501,353,380.42,404,34
28,a10,601,353,386.02,404,34
28,a10,701,353,375.42,404,34
28,a10,801,353,380.6,404,34
28,a10,901,353,381.04,404,34
28,a10,1001,353,383.34,404,34
28,a10,1101,353,381.72,404,34
28,a10,1201,353,384.54,404,34
28,a10,1301,353,382.58,404,34
28,a10,1401,353,385.16,404,34
28,a10,1501,353,378.64,404,34
28,a10,1601,353,379.46,404,34
28,a10,1701,353,381.18,404,34
28,a10,1801,353,385.06,404,34
28,a10,1901,353,382.08,404,34
28,a10,2001,353,380.26,404,35
28,a10,2101,353,382.7,404,35
28,a10,2201,353,377.56,404,35
28,a10,2301,353,383.16,404,35
28,a10,2401,353,384.06,404,35
28,a10,2501,353,384.12,404,35
28,a10,2601,353,375.02,404,35
28,a10,2701,353,383.96,404,35
28,a10,2801,353,379.22,404,35
28,a10,2901,353,382.5,404,35
28,a10,3001,353,381.72,404,35
28,a10,3101,353,381.48,404,35
28,a10,3201,353,386.74,404,35
28,a10,3301,353,378.58,404,35
28,a10,3401,353,383.4,404,35
28,a10,3501,353,380.04,404,35
28,a10,3601,353,377.28,404,35
28,a10,3701,353,380.08,404,35
28,a10,3801,353,377.74,404,35
28,a10,3901,353,383.64,404,35
28,a10,4001,353,384.6,404,35
28,a10,4101,353,380.52,404,35
28,a10,4201,353,382.16,404,35
28,a10,4301,353,377.4,404,35
28,a10,4401,353,382.36,404,35
28,a10,4501,353,379.18,404,35
28,a10,4601,353,380.88,404,35
28,a10,4701,353,379.04,404,35
28,a10,4801,353,374.5,404,35
28,a10,4901,353,383.98,404,35
28,a10,5001,353,377.48,404,35
28,a10,5101,353,383.08,404,35
28,a10,5201,353,382.3,404,35
28,a10,5301,353,377.38,404,35
28,a10,5401,353,380.92,404,35
28,a10,5501,353,378.94,404,35
28,a10,5601,353,379.98,404,35
28,a10,5701,353,380.08,404,35
28,a10,5801,353,387.6,404,35
28,a10,5901,353,385.66,404,35
28,a10,6001,353,382.1,404,35
28,a10,6101,353,378.46,404,35
28,a10,6201,353,380.94,404,35
28,a10,6301,353,381.04,404,35
28,a10,6401,353,383.26,404,35
28,a10,6501,353,380.28,404,35
28,a10,6601,353,377.58,404,35
28,a10,6701,353,381.68,404,35
28,a10,6801,353,381.96,404,35
28,a10,6901,353,378.02,404,35
28,a10,7001,353,383.36,404,35
28,a10,7101,353,382.44,404,35
28,a10,7201,353,382.06,404,35
28,a10,7301,353,381.02,404,35
28,a10,7401,353,383.72,404,35
28,a10,7501,361,383.3,404,35
28,a10,7601,353,381.2,404,35
28,a10,7701,353,387.06,404,35
28,a10,7801,353,384.74,404,35
28,a10,7901,353,380,404,35
28,a10,8001,353,382.12,404,35
28,a10,8101,353,382.84,404,35
28,a10,8201,353,382.72,404,35
28,a10,8301,353,381,404,35
28,a10,8401,353,380.88,404,35
28,a10,8501,353,386.92,404,35
28,a10,8601,353,383.12,404,35
28,a10,8701,353,386.22,404,35
28,a10,8801,353,382.52,404,35
28,a10,8901,353,383.36,404,35
28,a10,9001,353,381.98,404,35
28,a10,9101,353,383.92,404,35
28,a10,9201,353,381.18,404,35
28,a10,9301,353,381.44,404,35
28,a10,9401,353,382.32,404,35
28,a10,9501,353,386.22,404,35
28,a10,9601,353,382.46,404,35
28,a10,9701,353,384.72,404,35
28,a10,9801,353,383.32,404,35
28,a10,9901,353,382.36,404,35
28,a10,10001,353,384.94,404,36
29,a10,1,353,379.12,404,36
29,a10,101,353,384.5,404,36
29,a10,201,353,383.8,404,36
29,a10,301,353,383.04,404,36
29,a10,401,353,380.26,404,36
29,a10,501,353,379.08,404,36
29,a10,601,353,378.88,404,36
29,a10,701,353,384.96,404,36
29,a10,801,353,381.68,404,36
29,a10,901,353,380.38,404,36
29,a10,1001,353,382.78,404,36
29,a10,1101,353,382.24,404,36
29,a10,1201,353,379.9,404,36
29,a10,1301,353,380.18,404,36
29,a10,1401,353,382.02,404,36
29,a10,1501,353,378.34,404,36
29,a10,1601,353,384.92,404,36
29,a10,1701,353,379.84,404,36
29,a10,1801,353,381.12,404,36
29,a10,1901,353,380.62,404,36
29,a10,2001,353,378.68,404,36
29,a10,2101,353,375.88,404,36
29,a10,2201,353,381.6,404,36
29,a10,2301,353,378.16,404,36
29,a10,2401,353,380.36,404,36
29,a10,2501,353,383.04,404,36
29,a10,2601,353,385.26,404,36
29,a10,2701,353,379.8,404,36
29,a10,2801,353,381.94,404,36
29,a10,2901,353,380.68,404,36
29,a10,3001,353,382.06,404,36
29,a10,3101,353,378.68,404,36
29,a10,3201,353,385.4,404,36
29,a10,3301,353,380.22,404,36
29,a10,3401,353,386.16,404,36
29,a10,3501,353,379.6,404,36
29,a10,3601,353,382.22,404,36
29,a10,3701,353,379.46,404,36
29,a10,3801,353,382.76,404,36
29,a10,3901,353,381.6,404,36
29,a10,4001,353,383.8,404,36
29,a10,4101,353,383.52,404,36
29,a10,4201,353,380.3,404,36
29,a10,4301,353,381.34,404,36
29,a10,4401,353,382.02,404,36
29,a10,4501,353,384.06,404,36
29,a10,4601,353,380.14,404,36
29,a10,4701,353,384.42,404,36
29,a10,4801,353,384.2,404,36
29,a10,4901,353,383.92,404,36
29,a10,5001,353,383.04,404,36
29,a10,5101,361,379.22,404,36
29,a10,5201,353,377.38,404,36
29,a10,5301,353,377.24,404,36
29,a10,5401,353,384.38,404,36
29,a10,5501,353,381.96,404,36
29,a10,5601,353,385.44,404,36
29,a10,5701,353,378.46,404,36
29,a10,5801,353,381.98,404,36
29,a10,5901,353,381.52,404,36
29,a10,6001,353,382.18,404,36
29,a10,6101,353,380.7,404,36
29,a10,6201,353,379.62,404,36
29,a10,6301,353,375.84,404,36
29,a10,6401,353,383.9,404,36
29,a10,6501,353,376.22,404,36
29,a10,6601,353,383.58,404,36
29,a10,6701,353,379.72,404,36
29,a10,6801,353,382.98,404,36
29,a10,6901,353,380.8,404,36
29,a10,7001,353,378.18,404,36
29,a10,7101,353,381.58,404,36
29,a10,7201,353,383.56,404,36
29,a10,7301,353,386.64,404,36
29,a10,7401,353,381.74,404,36
29,a10,7501,353,387.22,404,36
29,a10,7601,353,386.28,404,36
29,a10,7701,353,377.96,404,36
29,a10,7801,353,378.92,404,36
29,a10,7901,353,380.54,404,36
29,a10,8001,353,381.68,404,36
29,a10,8101,353,378.4,404,36
29,a10,8201,353,379.7,404,36
29,a10,8301,353,379.06,404,36
29,a10,8401,353,383.34,404,36
29,a10,8501,353,381.2,404,37
29,a10,8601,353,382.1,404,37
29,a10,8701,353,381.44,404,37
29,a10,8801,353,382.6,404,37
29,a10,8901,353,378.2,404,37
29,a10,9001,353,378.62,404,37
29,a10,9101,353,380.4,404,37
29,a10,9201,353,375.06,404,37
29,a10,9301,353,385.12,404,37
29,a10,9401,353,383.36,404,37
29,a10,9501,353,387.48,404,37
29,a10,9601,353,385.18,404,37
29,a10,9701,353,381.22,404,37
29,a10,9801,353,380.88,404,37
29,a10,9901,353,382.86,404,37
29,a10,10001,353,382.74,404,37
30,a10,1,353,382.54,404,37
30,a10,101,353,387.08,404,37
30,a10,201,353,379.68,404,37
30,a10,301,353,379.8,404,37
30,a10,401,353,383.1,404,37
30,a10,501,353,381.96,404,37
30,a10,601,353,381.3,404,37
30,a10,701,353,384.92,404,37
30,a10,801,353,383.28,404,37
30,a10,901,353,382.38,404,37
30,a10,1001,353,382.88,404,37
30,a10,1101,353,383.1,404,37
30,a10,1201,353,382.54,404,37
30,a10,1301,353,384.92,404,37
30,a10,1401,353,385.62,404,37
30,a10,1501,353,383.36,404,37
30,a10,1601,353,382.58,404,37
30,a10,1701,353,381.56,404,37
30,a10,1801,353,377.68,404,37
30,a10,1901,353,382.72,404,37
30,a10,2001,353,377.74,404,37
30,a10,2101,353,381.26,404,37
30,a10,2201,353,381.14,404,37
30,a10,2301,353,378.64,404,37
30,a10,2401,353,380.82,404,37
30,a10,2501,353,383.9,404,37
30,a10,2601,353,382.4,404,37
30,a10,2701,353,378.92,404,37
30,a10,2801,353,381.04,404,37
30,a10,2901,353,383.66,404,37
30,a10,3001,353,384.9,404,37
30,a10,3101,353,383.76,404,37
30,a10,3201,353,376.48,404,37
30,a10,3301,353,377.14,404,37
30,a10,3401,353,376.74,404,37
30,a10,3501,353,379.52,404,37
30,a10,3601,353,381.94,404,37
30,a10,3701,353,380.6,404,37
30,a10,3801,353,381.06,404,37
30,a10,3901,353,379.18,404,37
30,a10,4001,353,377.64,404,37
30,a10,4101,353,378.44,404,37
30,a10,4201,353,380.56,404,37
30,a10,4301,353,379.8,404,37
30,a10,4401,353,380,404,37
30,a10,4501,353,386.08,404,37
30,a10,4601,353,380.96,404,37
30,a10,4701,353,379.26,404,37
30,a10,4801,353,384.14,404,37
30,a10,4901,353,377.28,404,37
30,a10,5001,353,380.28,404,37
30,a10,5101,353,378.4,404,37
30,a10,5201,353,383.84,404,37
30,a10,5301,353,379.8,404,37
30,a10,5401,353,377.5,404,37
30,a10,5501,353,380.38,404,37
30,a10,5601,353,379.36,404,37
30,a10,5701,353,378.98,404,37
30,a10,5801,353,382.1,404,37
30,a10,5901,353,382.02,404,37
30,a10,6001,353,382.16,404,37
30,a10,6101,353,381,404,37
30,a10,6201,353,379.84,404,37
30,a10,6301,353,382.04,404,37
30,a10,6401,353,380.12,404,37
30,a10,6501,353,380.78,404,37
30,a10,6601,353,385.4,404,37
30,a10,6701,353,383.96,404,37
30,a10,6801,353,382.64,404,37
30,a10,6901,353,381.88,404,37
30,a10,7001,353,381.88,404,37
30,a10,7101,353,379.7,404,37
30,a10,7201,353,385.3,404,38
30,a10,7301,353,377.02,404,38
30,a10,7401,353,379.6,404,38
30,a10,7501,353,384.82,404,38
30,a10,7601,353,378.7,404,38
30,a10,7701,353,381.98,404,38
30,a10,7801,353,383.86,404,38
30,a10,7901,353,382.4,404,38
30,a10,8001,353,382,404,38
30,a10,8101,353,380.14,404,38
30,a10,8201,353,385.4,404,38
30,a10,8301,353,379.8,404,38
30,a10,8401,353,377.86,404,38
30,a10,8501,353,380.32,404,38
30,a10,8601,353,379.54,404,38
30,a10,8701,353,380.92,404,38
30,a10,8801,353,383.28,404,38
30,a10,8901,353,383.7,404,38
30,a10,9001,353,383.76,404,38
30,a10,9101,353,382.76,404,38
30,a10,9201,353,385.82,404,38
30,a10,9301,353,383.94,404,38
30,a10,9401,353,377.74,404,38
30,a10,9501,353,381.96,404,38
30,a10,9601,353,382.42,404,38
30,a10,9701,353,382.04,404,38
30,a10,9801,353,381.86,404,38
30,a10,9901,353,381.32,404,38
30,a10,10001,353,380.76,404,38
